account_id,account_district_id,statement_freq,account_date_opened
576,55,MONTHLY,0
3818,74,MONTHLY,0
704,55,MONTHLY,0
2378,16,MONTHLY,0
2632,24,MONTHLY,1
1972,77,MONTHLY,1
1539,1,TRANSACTION,2
793,47,MONTHLY,2
2484,74,MONTHLY,2
1695,76,MONTHLY,2
1726,48,MONTHLY,2
2881,70,MONTHLY,3
2357,19,MONTHLY,3
2177,62,MONTHLY,3
485,6,TRANSACTION,3
652,21,MONTHLY,4
9635,70,MONTHLY,4
1844,44,MONTHLY,5
1926,37,MONTHLY,5
2393,10,MONTHLY,6
3510,41,MONTHLY,6
1276,36,MONTHLY,6
1637,1,MONTHLY,7
3871,26,MONTHLY,7
192,55,MONTHLY,7
764,1,MONTHLY,7
2087,7,WEEKLY,7
2122,68,MONTHLY,7
3592,54,MONTHLY,7
3487,41,MONTHLY,7
435,38,MONTHLY,7
1730,1,MONTHLY,8
1493,41,MONTHLY,8
374,38,MONTHLY,8
2925,1,MONTHLY,9
866,9,MONTHLY,9
1628,60,MONTHLY,9
2379,44,MONTHLY,9
1979,26,MONTHLY,10
346,37,MONTHLY,10
1338,74,MONTHLY,10
1909,14,MONTHLY,11
2099,3,WEEKLY,11
3760,44,MONTHLY,12
5270,44,MONTHLY,12
1699,53,MONTHLY,13
3909,1,MONTHLY,13
2926,50,MONTHLY,13
1731,33,MONTHLY,13
11265,15,MONTHLY,13
2519,4,MONTHLY,14
10364,55,MONTHLY,16
1481,15,MONTHLY,16
401,32,MONTHLY,17
4034,1,MONTHLY,17
2330,54,MONTHLY,18
1806,40,MONTHLY,18
3834,54,MONTHLY,18
1222,66,MONTHLY,19
212,27,WEEKLY,19
456,49,MONTHLY,20
459,47,MONTHLY,20
772,45,MONTHLY,20
1019,52,MONTHLY,20
11295,74,MONTHLY,20
2970,60,MONTHLY,21
2676,73,MONTHLY,21
1536,41,WEEKLY,21
1179,74,MONTHLY,22
280,25,MONTHLY,22
2425,41,MONTHLY,22
9307,68,MONTHLY,23
4055,23,MONTHLY,23
5065,66,MONTHLY,23
3704,75,MONTHLY,23
477,1,MONTHLY,24
5891,54,MONTHLY,24
1000,77,MONTHLY,24
1750,1,MONTHLY,25
2023,68,MONTHLY,25
6473,12,MONTHLY,25
1649,46,MONTHLY,25
2670,13,MONTHLY,26
1127,27,MONTHLY,26
163,30,MONTHLY,26
2566,48,MONTHLY,26
9,70,MONTHLY,26
1144,59,MONTHLY,27
2902,32,MONTHLY,27
4296,63,MONTHLY,27
443,64,MONTHLY,27
3693,61,MONTHLY,28
2070,72,MONTHLY,28
1843,12,MONTHLY,29
2714,1,MONTHLY,29
4078,40,MONTHLY,29
1675,36,MONTHLY,31
5868,44,MONTHLY,32
1805,1,MONTHLY,32
2434,17,MONTHLY,32
3007,16,MONTHLY,32
2574,68,MONTHLY,32
862,64,WEEKLY,32
1132,1,WEEKLY,33
4484,54,MONTHLY,33
943,1,MONTHLY,33
3514,7,MONTHLY,33
3983,67,MONTHLY,34
9265,1,MONTHLY,34
465,32,MONTHLY,34
982,54,MONTHLY,35
411,70,MONTHLY,35
890,14,MONTHLY,35
627,63,MONTHLY,35
2429,61,MONTHLY,36
3960,64,MONTHLY,36
2256,48,MONTHLY,36
8051,1,WEEKLY,37
2647,73,MONTHLY,38
2241,6,MONTHLY,38
5622,70,MONTHLY,38
2884,1,MONTHLY,38
1830,10,MONTHLY,38
7753,74,MONTHLY,38
244,24,MONTHLY,38
1477,1,MONTHLY,38
4240,50,MONTHLY,38
1006,6,MONTHLY,38
830,74,MONTHLY,38
9188,45,MONTHLY,38
1965,57,TRANSACTION,38
1134,6,MONTHLY,39
1601,10,MONTHLY,39
2861,38,MONTHLY,40
813,16,MONTHLY,40
2585,75,MONTHLY,40
2220,16,MONTHLY,40
2763,64,MONTHLY,41
2342,51,MONTHLY,41
1944,72,MONTHLY,42
1966,27,MONTHLY,42
1801,46,MONTHLY,43
2543,68,MONTHLY,43
2293,31,MONTHLY,43
11013,1,WEEKLY,44
2423,30,MONTHLY,44
142,51,MONTHLY,45
3424,74,MONTHLY,46
539,13,TRANSACTION,46
979,21,MONTHLY,46
3554,66,MONTHLY,46
3545,51,MONTHLY,47
3047,16,MONTHLY,47
3374,21,MONTHLY,47
96,68,MONTHLY,48
461,30,MONTHLY,48
3593,1,MONTHLY,48
3026,24,MONTHLY,48
1054,10,MONTHLY,49
2433,71,MONTHLY,49
3691,50,MONTHLY,49
3787,70,MONTHLY,49
128,2,MONTHLY,49
3168,39,MONTHLY,50
4937,12,MONTHLY,50
2124,69,MONTHLY,50
322,1,MONTHLY,50
4355,31,MONTHLY,51
1678,1,MONTHLY,52
2396,2,MONTHLY,52
1005,54,WEEKLY,53
697,28,MONTHLY,53
925,59,MONTHLY,53
2110,64,MONTHLY,53
1366,60,MONTHLY,54
1050,57,TRANSACTION,54
3117,33,MONTHLY,54
562,50,MONTHLY,55
5369,54,MONTHLY,55
2242,7,WEEKLY,55
197,1,MONTHLY,55
496,69,MONTHLY,56
2,1,MONTHLY,56
7401,1,MONTHLY,56
2486,1,MONTHLY,57
428,1,MONTHLY,57
3651,23,MONTHLY,57
1775,17,MONTHLY,57
1688,70,MONTHLY,57
361,51,MONTHLY,57
1829,43,MONTHLY,57
1575,1,MONTHLY,57
9203,70,MONTHLY,57
3008,72,MONTHLY,57
239,69,WEEKLY,59
3302,21,MONTHLY,60
415,25,MONTHLY,61
3513,20,MONTHLY,61
4134,7,MONTHLY,61
1077,14,MONTHLY,61
1713,43,MONTHLY,61
1378,59,MONTHLY,62
2503,1,MONTHLY,63
559,46,MONTHLY,63
6555,38,WEEKLY,63
744,42,MONTHLY,64
882,9,MONTHLY,64
86,54,MONTHLY,65
1126,56,MONTHLY,66
2666,49,MONTHLY,66
944,70,MONTHLY,66
1545,1,MONTHLY,66
2453,1,MONTHLY,66
3734,43,MONTHLY,66
3935,23,MONTHLY,66
396,21,MONTHLY,66
2694,7,MONTHLY,66
4596,74,MONTHLY,67
2489,72,MONTHLY,67
2895,19,MONTHLY,67
317,76,MONTHLY,68
2555,53,MONTHLY,68
494,60,MONTHLY,69
2219,60,MONTHLY,69
2581,72,MONTHLY,69
112,6,MONTHLY,70
3674,38,MONTHLY,70
2039,44,MONTHLY,70
2712,9,MONTHLY,70
395,1,MONTHLY,70
2974,9,MONTHLY,71
123,21,MONTHLY,71
9640,1,MONTHLY,71
3108,53,MONTHLY,72
2508,34,MONTHLY,72
2458,40,WEEKLY,72
588,66,MONTHLY,72
7231,10,MONTHLY,72
6701,49,WEEKLY,73
3883,72,MONTHLY,73
222,37,MONTHLY,73
2497,65,MONTHLY,74
1372,1,MONTHLY,74
3835,50,MONTHLY,74
7445,64,MONTHLY,76
2527,38,MONTHLY,77
425,9,MONTHLY,77
860,1,MONTHLY,77
6034,6,WEEKLY,77
11065,11,MONTHLY,77
9883,1,MONTHLY,77
115,68,MONTHLY,77
1189,59,MONTHLY,77
3675,64,MONTHLY,78
3069,66,MONTHLY,78
2762,19,MONTHLY,78
892,70,MONTHLY,78
1535,46,MONTHLY,78
2618,60,MONTHLY,79
2651,2,MONTHLY,79
5442,34,MONTHLY,80
1787,30,WEEKLY,80
1397,17,MONTHLY,80
3785,10,MONTHLY,82
623,1,MONTHLY,82
8260,31,MONTHLY,82
3678,1,MONTHLY,82
3001,1,MONTHLY,82
655,53,MONTHLY,82
4093,1,MONTHLY,83
3260,68,MONTHLY,83
2528,65,MONTHLY,83
2011,75,MONTHLY,83
1721,68,MONTHLY,83
1332,59,MONTHLY,83
1402,74,MONTHLY,84
3283,68,MONTHLY,84
3781,31,MONTHLY,84
7203,71,MONTHLY,84
1065,72,MONTHLY,85
3076,54,MONTHLY,85
4347,1,MONTHLY,85
1157,7,MONTHLY,85
9403,1,WEEKLY,85
1874,9,MONTHLY,85
1115,34,MONTHLY,85
3586,59,MONTHLY,85
62,47,MONTHLY,86
1771,69,MONTHLY,86
5483,13,MONTHLY,86
8330,48,MONTHLY,86
187,5,MONTHLY,86
423,12,MONTHLY,86
6425,31,MONTHLY,87
2493,62,MONTHLY,87
2896,29,MONTHLY,88
2245,29,MONTHLY,88
3923,52,MONTHLY,88
1898,70,MONTHLY,90
3367,1,MONTHLY,90
3391,74,MONTHLY,90
8519,23,MONTHLY,91
1780,1,MONTHLY,91
3915,65,MONTHLY,91
3980,75,MONTHLY,92
4350,63,MONTHLY,93
686,41,MONTHLY,93
362,15,MONTHLY,93
299,77,MONTHLY,94
2488,5,MONTHLY,95
2985,71,MONTHLY,95
385,5,MONTHLY,96
2817,56,MONTHLY,96
2056,58,MONTHLY,96
2002,1,MONTHLY,97
748,10,MONTHLY,97
220,72,MONTHLY,98
1422,68,MONTHLY,98
1147,44,MONTHLY,99
3788,70,MONTHLY,99
1891,32,MONTHLY,99
1239,1,MONTHLY,99
8321,77,MONTHLY,101
3213,51,MONTHLY,101
2838,3,WEEKLY,102
3644,38,MONTHLY,102
4318,33,WEEKLY,102
2648,51,MONTHLY,102
2313,26,WEEKLY,102
5428,24,MONTHLY,103
7123,64,TRANSACTION,103
279,39,MONTHLY,103
104,37,MONTHLY,104
497,55,MONTHLY,104
1152,45,MONTHLY,104
83,26,MONTHLY,105
2008,52,MONTHLY,105
3327,45,MONTHLY,105
5740,43,MONTHLY,105
8132,5,WEEKLY,106
10738,45,WEEKLY,106
2216,74,MONTHLY,106
1815,66,MONTHLY,106
2823,57,MONTHLY,107
4321,47,MONTHLY,107
1773,33,MONTHLY,108
7454,4,MONTHLY,108
188,54,MONTHLY,109
10973,18,WEEKLY,109
2599,48,MONTHLY,109
1166,11,MONTHLY,110
504,73,MONTHLY,110
1518,67,MONTHLY,110
2189,75,MONTHLY,111
6040,1,MONTHLY,111
2876,52,MONTHLY,111
1505,69,MONTHLY,112
6897,48,MONTHLY,112
4377,28,MONTHLY,113
717,75,MONTHLY,113
9707,70,MONTHLY,113
2814,72,MONTHLY,114
3068,59,MONTHLY,114
1476,61,MONTHLY,115
897,38,MONTHLY,115
977,1,MONTHLY,115
2639,17,MONTHLY,115
1032,11,MONTHLY,115
928,20,MONTHLY,115
168,31,MONTHLY,116
2175,1,MONTHLY,116
10105,55,MONTHLY,117
1392,60,MONTHLY,117
3697,45,MONTHLY,118
5313,40,MONTHLY,118
2222,47,MONTHLY,120
2641,7,MONTHLY,121
5423,15,MONTHLY,121
2609,73,MONTHLY,122
5472,1,MONTHLY,123
2932,72,MONTHLY,123
4254,70,MONTHLY,123
3965,31,MONTHLY,123
10656,8,MONTHLY,124
887,1,MONTHLY,124
4743,64,MONTHLY,124
1048,35,MONTHLY,124
1671,6,MONTHLY,124
1236,19,MONTHLY,124
1822,30,MONTHLY,124
3316,28,MONTHLY,125
2037,20,MONTHLY,125
10079,62,MONTHLY,125
3999,35,MONTHLY,125
551,77,MONTHLY,126
1200,33,MONTHLY,126
1161,66,MONTHLY,127
5372,48,MONTHLY,127
3050,60,MONTHLY,127
1784,59,MONTHLY,127
1603,1,MONTHLY,128
1887,68,MONTHLY,128
1644,1,MONTHLY,128
1658,73,MONTHLY,129
44,32,MONTHLY,129
1039,70,WEEKLY,129
1071,68,WEEKLY,129
2410,54,MONTHLY,130
2523,10,MONTHLY,130
790,54,MONTHLY,130
2583,62,MONTHLY,130
1782,8,MONTHLY,131
751,3,MONTHLY,131
2061,24,MONTHLY,131
8261,13,MONTHLY,131
2321,35,MONTHLY,132
1334,74,MONTHLY,133
3649,54,MONTHLY,133
555,24,MONTHLY,134
3173,39,MONTHLY,134
863,71,MONTHLY,135
3181,42,MONTHLY,135
3210,1,MONTHLY,136
489,16,MONTHLY,136
947,59,MONTHLY,136
3284,64,MONTHLY,136
1610,52,MONTHLY,136
4225,55,MONTHLY,137
1412,64,MONTHLY,137
1937,36,MONTHLY,137
991,39,MONTHLY,137
1180,20,MONTHLY,138
2758,70,MONTHLY,138
2711,58,MONTHLY,138
1652,74,MONTHLY,139
3099,70,MONTHLY,139
11111,1,MONTHLY,139
9591,74,MONTHLY,139
9828,11,MONTHLY,139
5385,44,WEEKLY,140
23,30,MONTHLY,141
2645,54,MONTHLY,141
2991,19,MONTHLY,141
3469,76,MONTHLY,141
1851,55,MONTHLY,142
3844,67,MONTHLY,142
1442,23,MONTHLY,142
3064,40,MONTHLY,142
3558,4,MONTHLY,142
1534,1,MONTHLY,143
334,1,MONTHLY,143
1786,1,MONTHLY,144
1272,40,WEEKLY,144
2436,67,MONTHLY,144
3796,53,MONTHLY,144
119,27,MONTHLY,144
3063,72,MONTHLY,145
18,43,WEEKLY,145
11320,44,MONTHLY,145
3888,39,MONTHLY,146
1584,30,MONTHLY,146
5546,43,MONTHLY,147
2029,55,MONTHLY,148
10911,1,WEEKLY,148
2467,33,MONTHLY,148
2962,1,MONTHLY,149
165,25,MONTHLY,151
1617,45,MONTHLY,151
327,54,MONTHLY,152
2068,21,MONTHLY,152
4448,60,MONTHLY,152
640,32,MONTHLY,152
510,1,WEEKLY,152
2534,61,MONTHLY,153
1018,7,MONTHLY,153
1285,65,MONTHLY,154
3670,27,MONTHLY,154
1743,51,MONTHLY,154
3072,8,MONTHLY,155
2146,31,MONTHLY,155
4576,27,MONTHLY,155
3258,53,MONTHLY,155
2176,67,MONTHLY,156
8934,51,MONTHLY,156
1999,70,MONTHLY,156
2741,15,MONTHLY,157
4427,32,MONTHLY,157
3682,70,MONTHLY,157
2862,33,MONTHLY,157
3032,5,MONTHLY,157
701,69,MONTHLY,158
6281,56,MONTHLY,158
306,16,MONTHLY,158
1207,67,MONTHLY,158
1247,25,MONTHLY,158
5343,64,MONTHLY,158
5129,68,MONTHLY,158
3713,14,WEEKLY,158
2327,19,MONTHLY,158
774,1,MONTHLY,158
1990,1,MONTHLY,159
2388,30,MONTHLY,159
3566,21,MONTHLY,159
10266,54,MONTHLY,160
3771,22,MONTHLY,161
1978,57,WEEKLY,161
2022,72,MONTHLY,161
3542,49,MONTHLY,161
1515,11,MONTHLY,161
4171,28,MONTHLY,162
433,20,MONTHLY,162
1373,47,MONTHLY,162
3246,54,MONTHLY,164
1475,1,WEEKLY,164
3133,66,MONTHLY,164
2779,73,MONTHLY,165
135,75,MONTHLY,165
446,50,MONTHLY,165
9093,47,MONTHLY,166
432,46,MONTHLY,166
2880,71,MONTHLY,166
5767,72,MONTHLY,166
1998,1,MONTHLY,167
2554,36,MONTHLY,168
2933,10,MONTHLY,168
773,15,MONTHLY,169
4894,14,MONTHLY,170
3969,39,MONTHLY,170
1277,31,MONTHLY,170
5120,1,MONTHLY,171
738,34,MONTHLY,171
1299,1,MONTHLY,171
148,8,MONTHLY,171
899,72,MONTHLY,171
3521,75,MONTHLY,172
3786,21,MONTHLY,172
886,1,MONTHLY,173
5228,77,TRANSACTION,173
702,12,MONTHLY,173
300,1,MONTHLY,173
1451,64,MONTHLY,174
2940,54,MONTHLY,174
1837,23,MONTHLY,174
3954,22,MONTHLY,175
885,1,MONTHLY,175
2697,8,MONTHLY,176
8129,45,MONTHLY,176
1930,3,MONTHLY,177
2411,69,MONTHLY,177
3775,19,MONTHLY,177
9034,1,MONTHLY,178
902,74,MONTHLY,179
630,71,MONTHLY,179
3096,68,MONTHLY,179
2552,52,MONTHLY,181
3435,59,MONTHLY,181
5215,55,MONTHLY,181
36,1,MONTHLY,181
2687,76,MONTHLY,181
1861,54,MONTHLY,182
2464,33,TRANSACTION,182
2736,72,MONTHLY,182
1145,31,MONTHLY,183
2298,31,MONTHLY,183
929,54,MONTHLY,183
381,68,MONTHLY,184
3778,52,MONTHLY,184
1118,48,MONTHLY,184
4352,2,MONTHLY,185
1322,17,MONTHLY,185
1852,35,MONTHLY,185
8173,11,MONTHLY,185
2705,63,TRANSACTION,185
9472,1,WEEKLY,186
368,77,MONTHLY,186
1425,76,MONTHLY,186
8027,44,WEEKLY,187
3261,1,MONTHLY,187
35,75,MONTHLY,187
2186,63,MONTHLY,187
1566,73,MONTHLY,187
78,74,MONTHLY,187
3939,70,MONTHLY,188
2584,50,MONTHLY,188
2336,39,MONTHLY,188
2078,62,MONTHLY,188
3882,10,MONTHLY,189
4159,74,MONTHLY,189
907,41,MONTHLY,189
1411,54,MONTHLY,189
1684,32,WEEKLY,190
3748,1,MONTHLY,190
2213,68,MONTHLY,191
1062,6,MONTHLY,191
273,24,TRANSACTION,191
10320,68,MONTHLY,191
1416,66,WEEKLY,192
3277,36,MONTHLY,192
1892,28,MONTHLY,193
3413,70,MONTHLY,193
3654,47,MONTHLY,193
3000,28,MONTHLY,194
3955,64,MONTHLY,194
1544,69,MONTHLY,194
9703,68,MONTHLY,195
234,73,MONTHLY,195
3241,44,MONTHLY,196
3465,1,MONTHLY,196
3152,1,MONTHLY,196
1497,1,MONTHLY,196
3078,1,MONTHLY,196
400,28,MONTHLY,197
1902,50,WEEKLY,197
757,50,MONTHLY,199
1116,1,MONTHLY,200
5700,42,MONTHLY,200
3267,64,MONTHLY,201
3222,4,MONTHLY,201
408,41,MONTHLY,201
2818,40,MONTHLY,201
6273,38,MONTHLY,201
2513,70,MONTHLY,202
3493,63,MONTHLY,202
1201,61,MONTHLY,203
4478,70,MONTHLY,203
2915,57,MONTHLY,203
9833,20,MONTHLY,204
2253,74,MONTHLY,204
1069,70,MONTHLY,204
207,2,MONTHLY,205
3212,70,MONTHLY,205
4035,1,MONTHLY,205
1268,74,MONTHLY,205
3287,18,MONTHLY,206
6226,74,WEEKLY,206
2123,64,MONTHLY,206
3982,26,MONTHLY,207
2701,71,MONTHLY,207
3629,48,MONTHLY,207
2841,71,MONTHLY,207
563,53,MONTHLY,207
2732,5,MONTHLY,207
1297,70,MONTHLY,207
7485,39,MONTHLY,208
2088,4,MONTHLY,208
225,1,MONTHLY,208
1630,72,MONTHLY,208
403,1,MONTHLY,209
445,63,WEEKLY,209
186,1,WEEKLY,209
3720,36,MONTHLY,210
574,70,MONTHLY,210
1429,57,MONTHLY,210
3580,43,MONTHLY,212
7819,38,MONTHLY,212
759,23,MONTHLY,212
6363,74,MONTHLY,212
3738,51,MONTHLY,212
4000,7,MONTHLY,213
9041,1,MONTHLY,214
2620,22,MONTHLY,214
3609,28,MONTHLY,214
1382,48,MONTHLY,214
930,41,MONTHLY,214
1925,12,MONTHLY,214
1834,62,MONTHLY,214
1507,35,MONTHLY,214
7857,75,MONTHLY,215
6636,72,WEEKLY,215
601,29,MONTHLY,215
3298,29,MONTHLY,215
2938,1,MONTHLY,215
2199,1,MONTHLY,215
3745,5,MONTHLY,215
3699,50,MONTHLY,216
816,52,MONTHLY,216
3656,53,MONTHLY,217
2038,42,MONTHLY,217
2542,21,MONTHLY,218
1136,12,MONTHLY,218
1589,37,MONTHLY,218
3136,69,MONTHLY,218
3547,54,MONTHLY,218
26,52,MONTHLY,219
657,47,MONTHLY,219
3538,58,MONTHLY,219
2167,16,MONTHLY,219
3127,66,MONTHLY,219
47,45,MONTHLY,219
3850,8,MONTHLY,220
5366,70,MONTHLY,220
747,39,MONTHLY,220
3166,71,MONTHLY,221
11021,1,MONTHLY,221
1701,1,MONTHLY,221
3613,43,MONTHLY,221
3600,27,MONTHLY,221
3792,10,MONTHLY,222
523,1,MONTHLY,222
3808,38,MONTHLY,222
1401,1,MONTHLY,223
541,61,MONTHLY,223
1023,21,MONTHLY,224
3683,33,MONTHLY,224
3220,29,MONTHLY,225
1779,33,MONTHLY,226
1912,64,MONTHLY,226
238,6,MONTHLY,226
3113,67,MONTHLY,227
5481,52,MONTHLY,227
3035,15,WEEKLY,227
942,9,MONTHLY,227
3221,5,MONTHLY,228
2616,1,MONTHLY,228
2137,4,TRANSACTION,228
978,73,MONTHLY,229
2771,37,MONTHLY,229
3891,1,MONTHLY,229
9236,11,MONTHLY,229
274,76,MONTHLY,231
552,14,MONTHLY,231
2417,44,MONTHLY,231
3868,43,MONTHLY,232
9869,12,MONTHLY,232
1875,44,MONTHLY,232
8212,52,TRANSACTION,232
3477,71,MONTHLY,233
1513,30,MONTHLY,234
3053,11,MONTHLY,234
1057,13,MONTHLY,234
6030,47,MONTHLY,235
3407,28,MONTHLY,235
1761,24,MONTHLY,235
3306,75,MONTHLY,235
162,60,MONTHLY,236
5011,31,MONTHLY,236
965,20,MONTHLY,236
1305,57,MONTHLY,236
815,56,MONTHLY,236
1449,35,MONTHLY,237
950,49,MONTHLY,237
3361,45,MONTHLY,237
3837,48,TRANSACTION,237
33,22,MONTHLY,237
2894,17,MONTHLY,239
2510,61,MONTHLY,239
389,30,MONTHLY,239
6051,56,MONTHLY,239
730,4,MONTHLY,239
1694,6,WEEKLY,240
721,76,MONTHLY,240
1106,20,WEEKLY,240
3319,56,MONTHLY,240
10451,1,MONTHLY,240
172,13,MONTHLY,241
3920,74,MONTHLY,243
3011,64,MONTHLY,243
1337,23,MONTHLY,243
2592,69,MONTHLY,243
146,4,MONTHLY,244
2576,1,MONTHLY,244
3195,40,MONTHLY,244
8073,24,TRANSACTION,245
4463,67,MONTHLY,245
2082,36,MONTHLY,245
2020,13,MONTHLY,246
160,23,MONTHLY,246
7607,1,MONTHLY,247
117,31,MONTHLY,247
3509,2,MONTHLY,247
151,76,MONTHLY,248
1719,1,MONTHLY,248
3456,32,MONTHLY,248
2951,44,MONTHLY,248
7190,49,MONTHLY,248
1827,10,MONTHLY,248
1689,55,MONTHLY,249
1197,68,MONTHLY,249
5952,50,MONTHLY,249
6930,41,MONTHLY,250
1107,42,MONTHLY,250
8475,4,MONTHLY,250
3575,7,MONTHLY,250
2691,69,MONTHLY,250
3323,13,MONTHLY,250
2428,72,MONTHLY,250
2649,2,MONTHLY,250
2907,70,MONTHLY,251
1091,16,MONTHLY,251
1487,66,MONTHLY,252
3157,77,MONTHLY,252
4414,24,MONTHLY,252
2302,24,MONTHLY,252
1410,74,MONTHLY,253
1146,67,MONTHLY,254
8564,68,MONTHLY,254
750,73,MONTHLY,254
2150,37,MONTHLY,254
10940,50,MONTHLY,255
9337,30,MONTHLY,255
861,22,MONTHLY,255
10440,72,MONTHLY,255
10036,1,MONTHLY,255
1234,6,MONTHLY,255
7774,74,TRANSACTION,256
1547,72,MONTHLY,256
1079,74,MONTHLY,256
3863,15,MONTHLY,256
3480,58,MONTHLY,256
2671,1,MONTHLY,257
1705,70,MONTHLY,257
3028,27,MONTHLY,257
3310,25,MONTHLY,257
6715,48,WEEKLY,257
3255,1,MONTHLY,257
3751,9,MONTHLY,257
2987,18,MONTHLY,258
857,77,MONTHLY,258
3042,10,MONTHLY,258
2695,16,MONTHLY,258
2849,1,MONTHLY,258
2802,1,MONTHLY,258
34,67,WEEKLY,259
7133,1,MONTHLY,259
699,1,MONTHLY,259
2282,29,WEEKLY,259
8489,19,MONTHLY,260
837,46,MONTHLY,260
8759,1,MONTHLY,260
1602,33,MONTHLY,261
2958,48,MONTHLY,261
3408,62,MONTHLY,261
153,77,MONTHLY,261
3268,21,MONTHLY,262
854,62,MONTHLY,263
1831,1,MONTHLY,263
39,36,MONTHLY,264
1811,40,MONTHLY,264
3822,8,MONTHLY,264
1404,7,WEEKLY,264
517,76,MONTHLY,264
1440,55,MONTHLY,264
3505,46,MONTHLY,265
1804,20,WEEKLY,265
2617,1,MONTHLY,266
467,74,MONTHLY,266
4437,40,MONTHLY,266
1453,61,WEEKLY,267
3977,7,MONTHLY,267
8982,64,MONTHLY,267
27,73,MONTHLY,268
4511,33,MONTHLY,268
1052,61,MONTHLY,269
10227,62,TRANSACTION,269
3171,61,MONTHLY,270
228,5,MONTHLY,270
3618,29,MONTHLY,271
1016,40,MONTHLY,271
15,70,MONTHLY,274
3237,20,MONTHLY,274
1485,36,MONTHLY,275
7769,23,MONTHLY,275
2613,26,MONTHLY,275
2201,8,MONTHLY,277
1896,74,MONTHLY,277
5387,1,MONTHLY,277
3535,1,MONTHLY,277
1120,1,MONTHLY,277
235,41,MONTHLY,278
3701,76,MONTHLY,278
1516,67,MONTHLY,280
4543,33,MONTHLY,280
2427,70,WEEKLY,280
1981,64,MONTHLY,280
8566,74,MONTHLY,280
678,17,MONTHLY,280
4659,56,MONTHLY,280
4059,34,MONTHLY,280
4013,73,TRANSACTION,280
7011,75,MONTHLY,280
2132,76,MONTHLY,280
1816,44,MONTHLY,280
2623,58,MONTHLY,281
2793,47,MONTHLY,281
2479,18,MONTHLY,281
11135,75,MONTHLY,282
8041,1,MONTHLY,282
492,5,MONTHLY,282
799,56,MONTHLY,282
3972,51,MONTHLY,283
1468,54,MONTHLY,283
624,70,MONTHLY,283
3483,40,MONTHLY,284
4260,56,MONTHLY,286
616,43,MONTHLY,286
931,59,MONTHLY,287
102,11,MONTHLY,288
540,75,MONTHLY,288
2660,1,WEEKLY,289
4287,1,MONTHLY,289
3551,6,MONTHLY,289
2072,41,MONTHLY,289
4119,77,MONTHLY,290
1345,28,MONTHLY,291
1565,36,MONTHLY,292
2824,11,MONTHLY,292
2052,61,MONTHLY,292
1767,21,MONTHLY,292
2140,75,MONTHLY,293
1051,35,MONTHLY,293
3927,56,MONTHLY,294
2050,1,MONTHLY,294
2276,31,MONTHLY,294
126,5,MONTHLY,295
2859,11,MONTHLY,295
2667,23,MONTHLY,295
1789,46,MONTHLY,295
838,47,MONTHLY,295
3264,70,MONTHLY,295
198,70,MONTHLY,297
2345,5,MONTHLY,297
5256,72,TRANSACTION,297
40,64,MONTHLY,297
419,13,MONTHLY,297
3892,43,MONTHLY,297
1217,69,MONTHLY,297
397,11,MONTHLY,298
3146,68,MONTHLY,298
287,16,MONTHLY,299
2180,45,MONTHLY,299
354,59,MONTHLY,300
259,2,MONTHLY,300
1666,67,MONTHLY,302
1495,36,MONTHLY,304
2582,28,MONTHLY,304
4470,16,MONTHLY,304
1381,57,MONTHLY,304
2435,38,MONTHLY,304
542,1,MONTHLY,304
1123,13,MONTHLY,304
3225,1,MONTHLY,304
1133,1,MONTHLY,304
3086,1,MONTHLY,305
2250,35,MONTHLY,305
340,1,MONTHLY,306
4079,52,MONTHLY,306
841,1,MONTHLY,307
2269,6,MONTHLY,307
2867,30,MONTHLY,307
3371,68,MONTHLY,307
520,60,MONTHLY,307
743,10,MONTHLY,308
3640,10,MONTHLY,308
3354,63,MONTHLY,308
107,64,MONTHLY,308
243,55,WEEKLY,309
3687,71,MONTHLY,309
1984,73,MONTHLY,310
4173,1,MONTHLY,311
2700,74,MONTHLY,311
2318,73,MONTHLY,311
7965,55,MONTHLY,311
3352,42,MONTHLY,311
4255,70,WEEKLY,311
73,72,MONTHLY,311
3948,1,MONTHLY,312
648,13,MONTHLY,312
3688,70,MONTHLY,313
462,29,MONTHLY,313
3243,1,MONTHLY,313
8625,64,MONTHLY,313
321,47,MONTHLY,314
3548,23,MONTHLY,314
5984,11,MONTHLY,314
3091,3,MONTHLY,314
626,72,MONTHLY,314
998,47,MONTHLY,314
3326,5,MONTHLY,314
2457,76,MONTHLY,314
2549,74,MONTHLY,315
1947,35,MONTHLY,315
2738,41,MONTHLY,315
1809,1,WEEKLY,315
519,24,MONTHLY,315
2665,61,MONTHLY,316
1114,6,WEEKLY,316
8957,1,MONTHLY,316
2271,68,MONTHLY,316
196,4,MONTHLY,317
3218,41,MONTHLY,317
3660,74,MONTHLY,317
787,10,MONTHLY,317
3820,1,MONTHLY,317
10906,76,MONTHLY,317
914,73,MONTHLY,317
9656,61,MONTHLY,317
1941,60,MONTHLY,318
3617,22,MONTHLY,318
3370,49,MONTHLY,318
1664,56,MONTHLY,318
4337,29,MONTHLY,319
2557,40,MONTHLY,320
1527,31,TRANSACTION,320
3938,57,MONTHLY,320
1686,11,MONTHLY,321
10670,60,MONTHLY,321
3309,66,MONTHLY,323
3107,5,MONTHLY,323
8377,29,MONTHLY,323
345,5,MONTHLY,323
498,1,MONTHLY,324
3571,39,MONTHLY,324
5991,1,MONTHLY,324
1128,74,MONTHLY,324
10439,66,MONTHLY,324
1302,55,MONTHLY,324
10788,67,WEEKLY,325
4343,31,MONTHLY,325
2460,1,MONTHLY,325
1931,20,MONTHLY,326
2972,12,MONTHLY,326
1286,66,TRANSACTION,326
1235,76,MONTHLY,326
4385,23,MONTHLY,326
7449,1,MONTHLY,327
545,54,MONTHLY,327
245,65,MONTHLY,328
688,74,MONTHLY,328
173,66,MONTHLY,329
10904,48,MONTHLY,329
7844,1,MONTHLY,329
6353,26,MONTHLY,329
604,12,MONTHLY,329
6806,1,MONTHLY,329
5927,15,MONTHLY,329
2419,24,MONTHLY,330
1288,11,MONTHLY,330
3003,18,MONTHLY,330
10131,1,MONTHLY,330
1952,70,MONTHLY,331
651,72,MONTHLY,331
2989,4,MONTHLY,331
1499,47,MONTHLY,331
426,1,MONTHLY,332
3570,44,MONTHLY,332
4237,18,MONTHLY,332
2739,59,MONTHLY,332
4526,63,MONTHLY,332
1621,75,MONTHLY,334
344,54,MONTHLY,334
1359,8,MONTHLY,335
290,56,MONTHLY,335
66,48,TRANSACTION,336
1314,48,MONTHLY,336
3145,4,MONTHLY,336
1204,29,MONTHLY,336
437,43,MONTHLY,336
2063,1,MONTHLY,337
3087,15,MONTHLY,337
2588,5,MONTHLY,337
956,74,MONTHLY,338
597,41,MONTHLY,338
3129,5,MONTHLY,338
884,2,MONTHLY,340
4264,28,MONTHLY,340
3223,1,MONTHLY,340
737,34,MONTHLY,341
2306,38,MONTHLY,341
1673,53,MONTHLY,341
10663,11,MONTHLY,341
3345,22,MONTHLY,341
1970,8,MONTHLY,341
2504,16,MONTHLY,342
358,12,MONTHLY,342
2980,66,MONTHLY,342
3918,53,MONTHLY,342
1680,59,MONTHLY,343
3039,1,MONTHLY,343
3380,64,MONTHLY,343
2128,22,MONTHLY,343
903,47,MONTHLY,343
1762,28,MONTHLY,344
61,70,MONTHLY,344
391,36,MONTHLY,344
2305,1,MONTHLY,344
1588,67,MONTHLY,344
183,43,MONTHLY,345
365,74,MONTHLY,345
2476,32,MONTHLY,345
347,65,MONTHLY,346
1877,76,MONTHLY,346
3196,1,MONTHLY,346
2928,55,MONTHLY,347
1225,4,MONTHLY,347
3825,7,MONTHLY,347
180,55,WEEKLY,347
2813,24,MONTHLY,348
1605,72,MONTHLY,349
1792,7,MONTHLY,349
1604,54,MONTHLY,349
883,1,MONTHLY,350
441,27,WEEKLY,350
3429,73,MONTHLY,350
4514,69,MONTHLY,351
1088,32,MONTHLY,352
3094,56,MONTHLY,353
1768,15,MONTHLY,353
2768,73,MONTHLY,353
2257,57,MONTHLY,354
1882,1,MONTHLY,354
719,30,MONTHLY,354
5092,74,MONTHLY,354
3292,1,MONTHLY,354
3604,75,MONTHLY,355
2733,76,MONTHLY,355
3669,76,MONTHLY,355
1940,52,MONTHLY,355
3056,55,MONTHLY,355
1419,33,MONTHLY,355
2971,76,WEEKLY,356
1959,62,MONTHLY,357
3164,33,MONTHLY,357
3197,1,MONTHLY,358
2770,42,MONTHLY,358
7944,59,MONTHLY,360
1080,55,MONTHLY,360
6148,74,MONTHLY,360
2010,1,MONTHLY,360
3135,72,MONTHLY,360
1098,47,MONTHLY,361
100,41,MONTHLY,361
2913,8,MONTHLY,361
1153,35,MONTHLY,362
1635,19,MONTHLY,362
2842,14,MONTHLY,362
3759,1,MONTHLY,362
3594,29,MONTHLY,363
2778,38,MONTHLY,363
2161,15,WEEKLY,363
2789,14,MONTHLY,365
1552,18,MONTHLY,366
628,72,MONTHLY,367
1458,29,MONTHLY,367
2673,34,MONTHLY,368
1788,1,MONTHLY,368
1193,29,MONTHLY,369
969,19,MONTHLY,372
1512,1,MONTHLY,372
3997,62,MONTHLY,377
2179,1,WEEKLY,378
1164,35,MONTHLY,378
4774,66,MONTHLY,378
4413,74,WEEKLY,379
1824,52,MONTHLY,381
1231,7,MONTHLY,382
2664,58,MONTHLY,384
1627,1,MONTHLY,384
9104,10,MONTHLY,385
2326,70,MONTHLY,388
4356,47,MONTHLY,390
3667,55,MONTHLY,390
742,77,MONTHLY,392
2538,42,MONTHLY,394
127,29,MONTHLY,397
726,76,MONTHLY,398
4907,42,MONTHLY,401
2628,64,TRANSACTION,401
3898,70,MONTHLY,402
6472,61,MONTHLY,403
1770,65,MONTHLY,403
2472,60,MONTHLY,403
1159,49,MONTHLY,404
4418,66,MONTHLY,404
1470,19,MONTHLY,405
1813,47,MONTHLY,406
4416,14,MONTHLY,407
2315,75,MONTHLY,408
3876,69,MONTHLY,408
4329,1,MONTHLY,412
3184,1,MONTHLY,413
370,25,MONTHLY,413
1317,56,MONTHLY,413
2675,1,MONTHLY,414
3840,76,MONTHLY,414
4009,56,MONTHLY,415
3886,1,MONTHLY,415
3445,1,MONTHLY,417
2482,1,MONTHLY,418
2361,28,MONTHLY,420
974,29,MONTHLY,420
2959,8,MONTHLY,420
1880,76,MONTHLY,420
3355,70,MONTHLY,421
2501,30,MONTHLY,421
1073,73,MONTHLY,422
8558,1,TRANSACTION,422
3101,1,MONTHLY,422
2568,17,MONTHLY,425
1169,49,TRANSACTION,425
3684,23,MONTHLY,427
1406,50,MONTHLY,427
71,1,MONTHLY,428
3528,10,MONTHLY,428
3405,36,MONTHLY,430
6118,1,WEEKLY,430
2382,59,MONTHLY,431
1570,1,MONTHLY,435
1511,51,TRANSACTION,436
1237,9,MONTHLY,436
3307,30,MONTHLY,436
3378,55,MONTHLY,437
989,19,MONTHLY,437
3253,71,TRANSACTION,438
1626,3,MONTHLY,438
289,1,MONTHLY,440
1987,54,MONTHLY,440
817,5,MONTHLY,441
2228,34,MONTHLY,442
904,1,MONTHLY,443
3824,41,MONTHLY,443
3599,63,MONTHLY,443
22,1,MONTHLY,446
470,64,MONTHLY,446
1273,37,MONTHLY,448
237,50,MONTHLY,448
59,43,MONTHLY,450
572,32,MONTHLY,450
1269,52,MONTHLY,451
855,1,MONTHLY,451
3183,45,MONTHLY,455
1969,5,MONTHLY,456
2799,54,WEEKLY,457
1042,43,MONTHLY,457
1158,50,MONTHLY,457
2713,26,MONTHLY,457
740,28,MONTHLY,458
493,26,MONTHLY,459
2067,76,MONTHLY,461
3804,7,MONTHLY,461
4259,66,MONTHLY,462
2886,1,MONTHLY,462
761,43,MONTHLY,463
1918,24,MONTHLY,464
3036,10,MONTHLY,464
3259,1,MONTHLY,465
4408,71,WEEKLY,465
2009,17,MONTHLY,468
1194,1,MONTHLY,469
3718,63,MONTHLY,470
3201,4,MONTHLY,471
460,1,MONTHLY,472
784,59,MONTHLY,473
3714,2,WEEKLY,475
2154,63,MONTHLY,475
1256,38,MONTHLY,475
1353,51,MONTHLY,475
1820,10,MONTHLY,476
2494,74,MONTHLY,477
2399,1,MONTHLY,480
343,18,MONTHLY,480
575,38,MONTHLY,480
900,48,MONTHLY,480
1467,37,MONTHLY,481
31,68,MONTHLY,481
1375,19,MONTHLY,481
1371,1,MONTHLY,481
844,53,MONTHLY,482
908,62,MONTHLY,483
3134,48,MONTHLY,483
2092,1,MONTHLY,483
3747,1,MONTHLY,485
277,32,TRANSACTION,485
3595,30,MONTHLY,485
2511,40,MONTHLY,485
1388,29,MONTHLY,486
4245,52,MONTHLY,486
3838,3,MONTHLY,486
543,64,MONTHLY,487
3653,31,MONTHLY,487
524,61,MONTHLY,487
82,26,MONTHLY,487
3912,2,MONTHLY,488
1949,41,MONTHLY,488
1865,1,MONTHLY,488
451,11,MONTHLY,489
50,1,MONTHLY,490
1184,14,MONTHLY,490
363,1,MONTHLY,490
2454,8,MONTHLY,491
2847,75,MONTHLY,492
2740,14,MONTHLY,492
1871,48,MONTHLY,494
8405,20,MONTHLY,494
266,47,MONTHLY,495
1879,10,MONTHLY,497
2259,64,MONTHLY,498
609,63,MONTHLY,499
9750,74,MONTHLY,500
2375,29,MONTHLY,500
216,38,MONTHLY,500
56,50,MONTHLY,500
7824,60,MONTHLY,501
649,69,WEEKLY,501
2996,54,MONTHLY,501
1509,51,MONTHLY,503
2170,1,TRANSACTION,503
2001,75,MONTHLY,503
2903,38,MONTHLY,503
3717,56,MONTHLY,504
4195,67,MONTHLY,505
2496,51,MONTHLY,505
9583,31,WEEKLY,506
3636,21,MONTHLY,506
1826,5,MONTHLY,506
2227,31,WEEKLY,506
2749,1,MONTHLY,507
535,35,MONTHLY,508
4066,72,MONTHLY,508
2662,71,MONTHLY,508
1053,57,MONTHLY,509
11333,8,MONTHLY,510
1838,68,MONTHLY,510
3037,44,MONTHLY,510
3372,23,MONTHLY,510
985,32,MONTHLY,513
6924,74,MONTHLY,516
3484,22,MONTHLY,516
700,20,MONTHLY,516
3289,1,MONTHLY,517
2638,5,MONTHLY,517
8316,70,MONTHLY,519
1634,77,MONTHLY,519
4825,15,MONTHLY,519
3650,8,MONTHLY,520
10942,44,WEEKLY,520
2922,16,MONTHLY,521
693,2,MONTHLY,521
2260,1,MONTHLY,522
538,70,MONTHLY,522
548,16,MONTHLY,522
941,8,MONTHLY,523
2155,58,MONTHLY,523
4519,8,MONTHLY,523
3539,42,MONTHLY,523
6511,72,MONTHLY,525
2569,2,MONTHLY,525
43,36,MONTHLY,527
1047,46,MONTHLY,528
3479,22,MONTHLY,529
2868,1,MONTHLY,530
4328,72,MONTHLY,532
5628,61,MONTHLY,532
3160,22,MONTHLY,534
1856,26,MONTHLY,534
154,46,MONTHLY,536
3030,65,MONTHLY,537
1938,1,MONTHLY,540
1870,10,MONTHLY,540
3275,74,MONTHLY,544
8492,2,MONTHLY,544
10093,1,WEEKLY,546
3805,9,MONTHLY,547
200,17,MONTHLY,548
2471,6,MONTHLY,548
352,39,MONTHLY,549
1291,1,MONTHLY,549
161,28,MONTHLY,549
711,70,MONTHLY,551
964,26,MONTHLY,553
1012,65,MONTHLY,554
4276,43,MONTHLY,554
901,60,MONTHLY,555
7765,52,WEEKLY,555
90,1,MONTHLY,558
5574,13,WEEKLY,559
741,54,MONTHLY,559
2819,35,MONTHLY,561
478,58,MONTHLY,561
2615,68,MONTHLY,562
3503,1,MONTHLY,562
3921,18,MONTHLY,562
662,21,MONTHLY,563
2654,56,MONTHLY,566
9627,65,TRANSACTION,567
2470,16,MONTHLY,568
427,8,MONTHLY,569
709,19,MONTHLY,570
629,31,MONTHLY,570
2606,1,MONTHLY,572
6738,62,MONTHLY,573
2912,74,MONTHLY,575
4995,20,WEEKLY,577
1022,33,WEEKLY,577
1797,24,MONTHLY,577
3497,76,MONTHLY,578
1848,1,MONTHLY,580
582,12,MONTHLY,581
3167,18,MONTHLY,584
1579,57,MONTHLY,585
610,74,MONTHLY,587
3536,24,MONTHLY,587
1017,14,MONTHLY,587
3017,75,MONTHLY,588
3112,38,MONTHLY,588
1360,71,MONTHLY,590
2747,1,MONTHLY,590
9192,1,MONTHLY,592
1398,62,MONTHLY,594
1246,58,MONTHLY,594
1592,38,MONTHLY,594
3728,10,MONTHLY,594
4131,5,MONTHLY,595
377,70,MONTHLY,595
1911,68,MONTHLY,597
635,21,MONTHLY,597
3625,3,MONTHLY,598
3425,70,MONTHLY,600
1327,65,MONTHLY,600
8776,64,MONTHLY,600
2798,70,MONTHLY,600
2401,16,MONTHLY,602
3612,70,MONTHLY,603
4580,9,MONTHLY,603
3226,65,MONTHLY,604
7523,63,MONTHLY,605
3533,74,MONTHLY,605
422,53,WEEKLY,605
3608,72,WEEKLY,606
1105,55,MONTHLY,608
2596,1,MONTHLY,609
9006,40,WEEKLY,609
3579,53,MONTHLY,609
710,25,MONTHLY,609
7546,43,MONTHLY,610
1766,28,MONTHLY,610
1292,3,MONTHLY,610
3797,64,MONTHLY,610
3478,30,MONTHLY,611
8899,1,WEEKLY,612
1975,19,MONTHLY,614
3049,61,MONTHLY,615
3730,17,MONTHLY,615
1714,72,MONTHLY,615
518,74,MONTHLY,616
6321,1,MONTHLY,617
3926,72,MONTHLY,618
1878,52,WEEKLY,620
3712,3,MONTHLY,620
2030,51,MONTHLY,620
3869,72,MONTHLY,620
1908,20,MONTHLY,620
3142,2,MONTHLY,621
1301,18,MONTHLY,622
3288,54,MONTHLY,622
318,36,MONTHLY,623
3336,51,MONTHLY,626
1653,1,MONTHLY,626
577,29,MONTHLY,627
2960,19,MONTHLY,627
2267,54,WEEKLY,627
1989,48,MONTHLY,628
1352,1,MONTHLY,630
851,15,MONTHLY,630
716,47,MONTHLY,632
3555,32,MONTHLY,633
6,51,MONTHLY,634
1828,1,MONTHLY,635
1333,21,MONTHLY,636
11359,61,MONTHLY,638
3457,54,MONTHLY,638
2627,76,MONTHLY,639
2025,19,MONTHLY,639
3975,20,MONTHLY,639
2905,74,MONTHLY,640
3827,1,MONTHLY,641
939,55,MONTHLY,641
1421,71,MONTHLY,642
1934,46,MONTHLY,642
3878,23,MONTHLY,644
2363,47,MONTHLY,644
1559,14,MONTHLY,645
2195,73,MONTHLY,645
1205,73,MONTHLY,645
2059,37,MONTHLY,645
2333,45,MONTHLY,645
3074,74,WEEKLY,645
2840,15,MONTHLY,646
2430,3,MONTHLY,646
2463,56,MONTHLY,648
3860,4,MONTHLY,648
2788,54,MONTHLY,649
8127,37,MONTHLY,650
596,31,MONTHLY,650
3622,53,MONTHLY,652
1312,23,MONTHLY,652
2742,23,MONTHLY,652
654,63,MONTHLY,653
4283,39,MONTHLY,653
2924,56,MONTHLY,653
3756,39,WEEKLY,654
2790,1,MONTHLY,655
67,16,MONTHLY,656
2949,1,MONTHLY,658
3849,75,MONTHLY,658
5422,66,MONTHLY,659
988,10,MONTHLY,659
3058,44,MONTHLY,660
1958,40,MONTHLY,661
1441,50,MONTHLY,662
1109,66,MONTHLY,664
2536,41,MONTHLY,665
1295,15,MONTHLY,665
3419,1,MONTHLY,666
1993,68,MONTHLY,667
1076,1,MONTHLY,667
960,4,TRANSACTION,670
201,63,MONTHLY,670
1168,29,MONTHLY,671
2365,42,MONTHLY,672
973,54,MONTHLY,673
3663,67,MONTHLY,674
3576,58,MONTHLY,675
4082,49,MONTHLY,676
2541,57,MONTHLY,676
4476,24,MONTHLY,678
2572,64,TRANSACTION,681
2377,77,MONTHLY,681
1554,47,MONTHLY,683
5632,5,WEEKLY,683
940,37,MONTHLY,683
1583,69,TRANSACTION,685
2218,19,MONTHLY,689
1708,22,MONTHLY,689
449,19,MONTHLY,690
2044,6,MONTHLY,691
11186,12,MONTHLY,692
29,7,MONTHLY,692
3752,1,MONTHLY,693
2028,7,WEEKLY,694
1294,71,MONTHLY,695
106,63,MONTHLY,695
2707,61,MONTHLY,695
2027,19,MONTHLY,696
3369,8,MONTHLY,699
9731,54,TRANSACTION,699
1578,48,MONTHLY,699
8411,20,MONTHLY,700
1919,18,MONTHLY,702
1307,56,MONTHLY,703
2121,64,MONTHLY,703
1436,3,MONTHLY,705
3489,9,MONTHLY,706
3348,4,MONTHLY,706
2809,73,MONTHLY,706
3364,21,WEEKLY,706
2546,1,MONTHLY,706
2343,68,MONTHLY,707
594,54,MONTHLY,707
4434,41,MONTHLY,707
359,11,MONTHLY,709
3279,46,WEEKLY,715
1011,45,MONTHLY,715
8856,15,MONTHLY,716
2808,1,MONTHLY,716
5357,70,MONTHLY,716
775,1,MONTHLY,716
2524,1,MONTHLY,717
3903,58,MONTHLY,717
802,15,MONTHLY,718
3567,5,MONTHLY,718
68,37,TRANSACTION,718
1417,75,MONTHLY,718
3643,1,MONTHLY,720
10728,71,MONTHLY,721
2384,40,MONTHLY,721
1835,74,MONTHLY,722
3621,32,MONTHLY,723
1394,32,MONTHLY,725
3006,64,MONTHLY,730
2322,33,MONTHLY,731
1331,59,MONTHLY,732
2355,1,MONTHLY,732
3482,70,MONTHLY,732
4503,50,MONTHLY,732
2077,29,MONTHLY,733
685,37,WEEKLY,733
2163,17,MONTHLY,734
2239,25,MONTHLY,734
1706,1,MONTHLY,734
7795,64,MONTHLY,734
3128,1,MONTHLY,735
2978,74,MONTHLY,735
3141,1,WEEKLY,735
3250,1,MONTHLY,735
1955,49,MONTHLY,736
5650,10,TRANSACTION,737
3641,7,MONTHLY,738
2923,43,MONTHLY,739
8092,54,MONTHLY,740
2421,18,MONTHLY,740
1437,50,MONTHLY,742
756,65,MONTHLY,742
3244,56,MONTHLY,743
10630,41,MONTHLY,744
3981,23,MONTHLY,744
3812,72,MONTHLY,745
4368,1,MONTHLY,745
2729,40,MONTHLY,745
2446,3,MONTHLY,745
839,16,MONTHLY,746
1625,1,MONTHLY,746
2563,48,MONTHLY,746
1414,58,MONTHLY,746
7562,72,WEEKLY,746
2185,67,MONTHLY,747
1446,57,MONTHLY,747
915,72,MONTHLY,747
3777,70,MONTHLY,748
2414,1,MONTHLY,748
9814,64,WEEKLY,748
2681,28,MONTHLY,748
484,1,MONTHLY,749
217,77,MONTHLY,749
9030,72,MONTHLY,750
2352,70,MONTHLY,750
1526,52,MONTHLY,751
3841,8,MONTHLY,751
270,27,MONTHLY,752
1914,27,MONTHLY,753
2054,1,MONTHLY,753
2111,42,WEEKLY,754
1769,39,MONTHLY,754
2663,64,MONTHLY,754
4103,38,MONTHLY,754
5735,52,MONTHLY,754
3362,73,MONTHLY,754
2755,20,MONTHLY,755
3235,8,MONTHLY,755
795,25,MONTHLY,756
1548,47,MONTHLY,756
650,3,MONTHLY,757
11042,72,MONTHLY,758
3421,31,MONTHLY,761
1112,48,MONTHLY,763
3583,40,MONTHLY,763
4001,54,MONTHLY,764
393,46,MONTHLY,764
2718,29,MONTHLY,765
1496,57,MONTHLY,765
2968,15,MONTHLY,765
1889,59,MONTHLY,766
789,39,MONTHLY,766
7614,62,MONTHLY,768
8159,26,MONTHLY,768
2151,38,MONTHLY,768
3865,50,MONTHLY,769
4109,54,MONTHLY,769
515,57,MONTHLY,769
3817,70,MONTHLY,770
2268,1,MONTHLY,771
388,59,MONTHLY,771
3623,59,MONTHLY,772
1967,26,WEEKLY,773
4727,2,MONTHLY,773
3466,64,MONTHLY,776
3297,53,MONTHLY,777
607,16,MONTHLY,777
1858,72,MONTHLY,778
3978,59,MONTHLY,778
70,8,MONTHLY,778
781,33,MONTHLY,779
10884,65,MONTHLY,780
2688,72,MONTHLY,780
1772,31,WEEKLY,780
2490,22,MONTHLY,781
2047,20,MONTHLY,781
3839,1,MONTHLY,781
1633,51,MONTHLY,782
763,1,MONTHLY,783
4161,1,MONTHLY,783
2431,74,MONTHLY,783
3753,28,MONTHLY,784
1778,15,MONTHLY,785
2911,33,MONTHLY,785
3710,1,MONTHLY,785
1702,56,MONTHLY,787
3737,34,MONTHLY,789
190,74,MONTHLY,790
2865,1,MONTHLY,791
3014,75,WEEKLY,791
2680,46,MONTHLY,791
1129,35,MONTHLY,791
3233,31,MONTHLY,791
1287,35,MONTHLY,792
9897,1,MONTHLY,792
30,36,MONTHLY,792
2367,28,MONTHLY,792
3826,34,MONTHLY,793
376,25,MONTHLY,793
1108,26,MONTHLY,797
108,53,MONTHLY,798
1802,75,MONTHLY,798
3230,1,MONTHLY,799
3989,19,MONTHLY,799
2723,75,MONTHLY,800
7859,52,MONTHLY,802
7606,21,MONTHLY,803
158,37,MONTHLY,803
6397,48,MONTHLY,803
150,73,MONTHLY,804
3402,76,WEEKLY,804
2810,66,MONTHLY,804
586,54,MONTHLY,804
1261,52,MONTHLY,806
2856,25,MONTHLY,806
288,25,MONTHLY,806
3750,77,MONTHLY,806
1174,70,MONTHLY,809
1306,1,MONTHLY,810
5541,43,MONTHLY,812
1,18,MONTHLY,812
981,66,MONTHLY,813
767,25,MONTHLY,814
608,32,MONTHLY,815
1757,75,MONTHLY,815
6609,16,MONTHLY,815
870,70,MONTHLY,815
227,27,MONTHLY,816
568,18,MONTHLY,816
1254,74,MONTHLY,816
1540,1,MONTHLY,817
1692,56,MONTHLY,817
1249,67,MONTHLY,818
95,1,MONTHLY,818
1561,66,MONTHLY,820
2540,54,MONTHLY,820
248,1,MONTHLY,821
9493,64,MONTHLY,821
5126,58,MONTHLY,822
231,22,MONTHLY,822
2203,47,MONTHLY,823
6910,76,MONTHLY,823
1986,46,MONTHLY,823
2839,70,MONTHLY,823
1479,54,MONTHLY,823
3147,54,MONTHLY,824
6289,64,MONTHLY,824
1590,77,MONTHLY,826
7418,21,MONTHLY,826
19,21,MONTHLY,826
842,62,MONTHLY,826
1821,70,MONTHLY,826
206,61,MONTHLY,827
3109,18,MONTHLY,827
7815,19,WEEKLY,828
7136,12,WEEKLY,828
1228,62,MONTHLY,828
893,53,MONTHLY,831
3702,53,MONTHLY,832
4852,47,MONTHLY,832
2750,13,MONTHLY,832
1046,1,MONTHLY,833
3729,31,MONTHLY,833
1862,19,WEEKLY,834
1309,1,MONTHLY,834
1315,13,MONTHLY,836
3321,17,MONTHLY,837
3231,73,MONTHLY,837
5724,14,TRANSACTION,838
3823,74,MONTHLY,838
2726,18,MONTHLY,839
1038,64,MONTHLY,839
7861,34,MONTHLY,841
819,20,MONTHLY,841
455,54,MONTHLY,842
3930,37,MONTHLY,844
4423,39,MONTHLY,845
267,38,MONTHLY,845
922,61,MONTHLY,846
3735,1,MONTHLY,846
3449,1,MONTHLY,846
2751,31,MONTHLY,847
404,41,MONTHLY,847
2547,74,MONTHLY,847
1248,22,MONTHLY,848
2331,8,MONTHLY,848
1010,61,MONTHLY,850
54,4,MONTHLY,851
2364,33,MONTHLY,852
1280,70,MONTHLY,852
2931,36,MONTHLY,853
10351,23,MONTHLY,853
3936,39,MONTHLY,853
5194,1,TRANSACTION,854
3464,25,MONTHLY,854
533,40,MONTHLY,856
3940,35,WEEKLY,856
4538,70,MONTHLY,856
454,7,MONTHLY,856
1183,12,MONTHLY,857
2323,72,MONTHLY,857
463,51,MONTHLY,857
285,17,MONTHLY,857
4105,58,MONTHLY,857
2525,45,MONTHLY,857
6434,1,MONTHLY,857
2919,77,MONTHLY,859
1741,21,MONTHLY,859
746,75,MONTHLY,859
256,37,MONTHLY,863
3845,48,MONTHLY,863
4014,56,TRANSACTION,864
2178,64,MONTHLY,864
2935,68,MONTHLY,864
544,32,MONTHLY,864
1720,35,MONTHLY,865
875,63,MONTHLY,866
733,49,WEEKLY,866
3251,59,MONTHLY,867
5358,4,MONTHLY,867
2521,63,MONTHLY,868
10963,16,MONTHLY,869
57,1,MONTHLY,870
4589,4,MONTHLY,871
490,45,MONTHLY,872
3386,2,MONTHLY,872
8998,61,MONTHLY,873
11349,1,WEEKLY,875
2969,29,MONTHLY,875
1530,70,MONTHLY,876
1642,64,MONTHLY,876
6358,3,MONTHLY,876
10001,24,MONTHLY,877
3186,10,MONTHLY,877
1059,8,MONTHLY,879
3624,32,WEEKLY,879
1974,42,MONTHLY,881
2559,32,MONTHLY,881
11069,37,MONTHLY,882
3874,51,MONTHLY,882
3520,72,MONTHLY,884
2018,42,MONTHLY,884
2877,37,MONTHLY,884
2642,68,MONTHLY,885
553,26,MONTHLY,886
1092,41,MONTHLY,886
471,47,MONTHLY,887
53,77,MONTHLY,887
1413,65,MONTHLY,887
5774,1,MONTHLY,888
3392,1,MONTHLY,888
1465,30,MONTHLY,888
1420,68,MONTHLY,888
1620,17,MONTHLY,888
4121,54,MONTHLY,888
754,1,MONTHLY,888
3045,1,MONTHLY,888
3453,13,MONTHLY,888
1696,43,MONTHLY,889
2139,8,MONTHLY,889
1793,56,MONTHLY,890
3725,33,MONTHLY,891
896,3,MONTHLY,891
3252,12,MONTHLY,892
808,69,MONTHLY,893
3601,54,MONTHLY,893
131,52,MONTHLY,893
3124,6,MONTHLY,893
7618,72,WEEKLY,893
807,76,WEEKLY,893
3847,33,MONTHLY,893
223,39,MONTHLY,893
2328,35,MONTHLY,894
1519,9,MONTHLY,894
10019,8,MONTHLY,895
458,7,MONTHLY,896
120,65,WEEKLY,896
1846,6,MONTHLY,897
2096,32,MONTHLY,897
2297,46,MONTHLY,898
7184,5,MONTHLY,899
2781,16,MONTHLY,900
1031,74,MONTHLY,900
3810,43,MONTHLY,902
1151,40,MONTHLY,903
1728,74,MONTHLY,903
9235,37,MONTHLY,904
3363,30,MONTHLY,904
3436,5,MONTHLY,904
2533,49,MONTHLY,907
99,1,MONTHLY,907
638,65,MONTHLY,908
2292,41,MONTHLY,909
1725,72,TRANSACTION,913
3410,39,MONTHLY,913
1597,68,MONTHLY,914
2041,48,MONTHLY,915
5742,74,TRANSACTION,915
4415,73,MONTHLY,915
4330,47,MONTHLY,915
3458,63,MONTHLY,917
3330,76,MONTHLY,918
6649,1,MONTHLY,918
3779,74,MONTHLY,918
1103,66,MONTHLY,919
731,5,MONTHLY,921
2307,60,MONTHLY,922
3474,23,MONTHLY,922
625,70,MONTHLY,922
1075,35,MONTHLY,923
2281,1,MONTHLY,923
3895,27,MONTHLY,924
5263,64,MONTHLY,924
5794,70,MONTHLY,924
1220,1,MONTHLY,925
1568,23,MONTHLY,925
1344,12,TRANSACTION,926
8547,14,WEEKLY,927
1135,1,MONTHLY,927
4263,5,MONTHLY,927
3532,73,MONTHLY,928
1251,34,WEEKLY,928
1936,70,MONTHLY,928
2244,46,MONTHLY,929
2310,15,MONTHLY,929
1994,42,MONTHLY,929
720,54,MONTHLY,930
1472,2,MONTHLY,930
2144,55,TRANSACTION,931
953,14,MONTHLY,932
4081,11,MONTHLY,932
10018,8,MONTHLY,933
2553,41,MONTHLY,934
2520,18,MONTHLY,935
1252,13,WEEKLY,936
3357,54,MONTHLY,936
6985,38,MONTHLY,937
2957,25,MONTHLY,938
4948,43,MONTHLY,939
1803,24,MONTHLY,939
2577,7,MONTHLY,940
1009,1,WEEKLY,942
2265,65,MONTHLY,944
675,58,MONTHLY,944
5033,54,MONTHLY,944
1971,41,MONTHLY,945
2830,20,MONTHLY,945
1927,42,MONTHLY,945
5118,72,MONTHLY,946
3203,23,MONTHLY,948
3270,30,MONTHLY,949
1520,48,MONTHLY,949
4681,70,MONTHLY,949
3902,1,MONTHLY,949
8327,1,WEEKLY,949
1203,72,MONTHLY,950
2608,19,MONTHLY,950
2206,45,MONTHLY,951
3216,3,MONTHLY,952
1122,13,MONTHLY,953
786,53,MONTHLY,953
3631,1,MONTHLY,954
2514,16,MONTHLY,954
75,1,MONTHLY,954
3679,64,MONTHLY,956
2562,35,MONTHLY,956
2280,68,MONTHLY,958
3896,45,MONTHLY,958
11138,70,WEEKLY,959
5213,1,MONTHLY,959
531,31,MONTHLY,959
6856,43,MONTHLY,960
5024,70,MONTHLY,961
560,36,MONTHLY,961
11382,74,MONTHLY,961
2855,27,MONTHLY,962
2858,56,MONTHLY,963
3763,55,MONTHLY,964
995,64,MONTHLY,964
3315,23,MONTHLY,965
3582,19,MONTHLY,967
420,75,MONTHLY,967
937,43,MONTHLY,967
4258,51,MONTHLY,967
5066,13,WEEKLY,968
2236,73,MONTHLY,968
3995,12,MONTHLY,968
894,46,MONTHLY,968
418,36,MONTHLY,968
3254,36,MONTHLY,968
32,5,MONTHLY,969
213,73,MONTHLY,970
2833,64,MONTHLY,971
3553,70,MONTHLY,971
9052,43,TRANSACTION,971
3139,12,MONTHLY,971
1562,1,MONTHLY,971
1961,13,MONTHLY,971
353,24,MONTHLY,971
1640,13,MONTHLY,973
6872,15,MONTHLY,974
532,26,MONTHLY,974
674,49,MONTHLY,974
10365,22,MONTHLY,974
430,54,MONTHLY,974
429,63,MONTHLY,975
3269,37,MONTHLY,975
1810,50,MONTHLY,975
665,8,MONTHLY,975
3855,33,MONTHLY,976
3866,60,MONTHLY,977
3914,33,MONTHLY,977
3807,53,MONTHLY,977
3925,1,MONTHLY,977
219,28,MONTHLY,978
3552,62,MONTHLY,978
7957,51,MONTHLY,979
1149,18,MONTHLY,979
1423,76,MONTHLY,980
2853,54,MONTHLY,980
803,19,MONTHLY,981
2456,65,MONTHLY,981
619,1,WEEKLY,981
301,60,MONTHLY,982
372,55,MONTHLY,982
3492,33,MONTHLY,982
6463,16,MONTHLY,983
3628,70,MONTHLY,984
2358,7,MONTHLY,985
1613,1,MONTHLY,985
2866,43,MONTHLY,985
3010,46,MONTHLY,985
3368,24,MONTHLY,986
5125,1,MONTHLY,986
994,72,MONTHLY,987
1674,1,MONTHLY,987
3234,1,MONTHLY,988
1452,45,MONTHLY,988
9377,1,MONTHLY,989
3758,38,MONTHLY,991
138,22,MONTHLY,991
1376,64,MONTHLY,992
3770,23,MONTHLY,992
11271,5,MONTHLY,992
2353,51,MONTHLY,993
1335,54,MONTHLY,993
2119,74,MONTHLY,993
8,57,MONTHLY,993
1704,70,MONTHLY,994
1660,1,MONTHLY,994
5429,71,MONTHLY,994
3440,22,MONTHLY,994
2148,1,MONTHLY,994
676,39,MONTHLY,994
2731,1,MONTHLY,998
80,43,MONTHLY,999
3417,48,MONTHLY,1000
169,4,MONTHLY,1000
4047,45,WEEKLY,1001
7487,4,MONTHLY,1003
992,22,MONTHLY,1003
331,65,MONTHLY,1004
2835,73,MONTHLY,1005
3677,1,MONTHLY,1006
2565,74,MONTHLY,1006
4190,62,MONTHLY,1006
3317,4,MONTHLY,1006
1690,16,MONTHLY,1009
1448,1,MONTHLY,1009
521,9,MONTHLY,1010
3132,56,MONTHLY,1010
3944,22,MONTHLY,1010
1427,17,MONTHLY,1010
1742,68,MONTHLY,1010
6400,31,TRANSACTION,1011
3486,64,MONTHLY,1011
4473,45,MONTHLY,1011
2965,6,MONTHLY,1012
2301,22,MONTHLY,1012
2674,50,MONTHLY,1012
11,76,MONTHLY,1012
8533,47,MONTHLY,1012
1089,74,MONTHLY,1012
5063,43,MONTHLY,1013
1257,66,MONTHLY,1013
990,17,MONTHLY,1013
1581,39,MONTHLY,1014
2424,1,MONTHLY,1015
917,56,MONTHLY,1015
2255,52,MONTHLY,1016
11362,67,MONTHLY,1016
1796,18,MONTHLY,1016
2834,70,MONTHLY,1016
8114,59,MONTHLY,1016
260,24,MONTHLY,1016
1749,64,MONTHLY,1016
4650,4,MONTHLY,1017
336,62,MONTHLY,1018
308,61,MONTHLY,1018
319,47,WEEKLY,1019
762,76,MONTHLY,1020
1142,74,MONTHLY,1021
3200,17,TRANSACTION,1022
3646,63,WEEKLY,1022
1206,70,MONTHLY,1023
501,13,MONTHLY,1023
2235,45,MONTHLY,1024
2487,42,MONTHLY,1024
10762,1,MONTHLY,1025
3131,21,MONTHLY,1025
10520,55,TRANSACTION,1026
2515,64,MONTHLY,1026
2727,1,MONTHLY,1027
1756,38,MONTHLY,1028
2500,61,MONTHLY,1028
1426,40,MONTHLY,1029
602,43,MONTHLY,1029
3637,53,MONTHLY,1030
2481,1,MONTHLY,1030
3080,57,MONTHLY,1031
2621,55,MONTHLY,1031
1238,1,MONTHLY,1031
10710,19,MONTHLY,1032
2871,52,MONTHLY,1032
1403,17,MONTHLY,1035
1629,10,MONTHLY,1035
9353,59,MONTHLY,1036
820,74,MONTHLY,1037
3384,14,MONTHLY,1038
257,11,MONTHLY,1038
479,1,MONTHLY,1038
3764,69,MONTHLY,1038
155,58,MONTHLY,1040
3945,50,MONTHLY,1040
2157,77,MONTHLY,1041
2051,64,WEEKLY,1041
3061,76,MONTHLY,1041
3111,60,MONTHLY,1041
1691,48,MONTHLY,1041
1044,14,MONTHLY,1042
1945,56,MONTHLY,1042
9790,52,MONTHLY,1042
9928,60,MONTHLY,1042
2580,60,MONTHLY,1042
1599,57,MONTHLY,1043
11079,16,MONTHLY,1043
968,74,MONTHLY,1044
810,46,MONTHLY,1044
1760,53,MONTHLY,1044
2550,67,MONTHLY,1044
3572,65,MONTHLY,1045
1030,57,MONTHLY,1045
487,40,MONTHLY,1047
3767,1,MONTHLY,1048
348,25,MONTHLY,1048
1867,52,MONTHLY,1048
2516,6,MONTHLY,1049
3303,1,MONTHLY,1050
933,21,MONTHLY,1051
3229,64,MONTHLY,1051
1700,64,MONTHLY,1051
2836,42,MONTHLY,1051
338,49,MONTHLY,1051
3148,33,MONTHLY,1052
1357,56,MONTHLY,1053
3772,7,MONTHLY,1053
486,33,MONTHLY,1054
1395,1,MONTHLY,1054
1341,36,MONTHLY,1054
9017,70,MONTHLY,1055
10411,39,TRANSACTION,1056
2783,43,MONTHLY,1056
2015,68,MONTHLY,1058
2341,33,MONTHLY,1058
565,39,MONTHLY,1058
337,17,MONTHLY,1058
3780,44,MONTHLY,1058
557,1,MONTHLY,1059
3490,48,MONTHLY,1059
3973,20,MONTHLY,1060
2043,46,MONTHLY,1060
2003,32,MONTHLY,1060
728,60,MONTHLY,1061
3970,24,MONTHLY,1061
8169,29,MONTHLY,1061
452,63,MONTHLY,1062
3783,40,MONTHLY,1062
3189,29,MONTHLY,1062
3689,8,MONTHLY,1062
2803,58,MONTHLY,1064
1901,15,MONTHLY,1064
3525,70,MONTHLY,1064
3320,1,MONTHLY,1064
2851,17,MONTHLY,1065
2309,18,MONTHLY,1066
2437,1,MONTHLY,1067
1825,3,MONTHLY,1068
253,46,MONTHLY,1068
474,61,MONTHLY,1069
633,57,MONTHLY,1069
2374,1,MONTHLY,1070
1104,39,MONTHLY,1070
2692,28,MONTHLY,1071
6927,74,WEEKLY,1071
924,11,MONTHLY,1072
3305,13,MONTHLY,1072
2237,26,MONTHLY,1076
1917,73,MONTHLY,1076
1685,28,MONTHLY,1076
791,49,MONTHLY,1077
3858,2,MONTHLY,1077
5001,53,MONTHLY,1078
1469,67,MONTHLY,1078
3476,3,MONTHLY,1079
8039,9,MONTHLY,1080
3205,1,MONTHLY,1080
5477,57,MONTHLY,1080
1212,70,MONTHLY,1081
2095,56,MONTHLY,1082
1137,60,MONTHLY,1082
2570,1,MONTHLY,1082
3092,46,MONTHLY,1083
5661,53,MONTHLY,1083
809,36,MONTHLY,1083
522,17,MONTHLY,1083
2630,64,MONTHLY,1084
957,70,MONTHLY,1085
1682,49,MONTHLY,1085
3587,64,MONTHLY,1087
4269,26,MONTHLY,1087
3338,25,MONTHLY,1087
3655,1,MONTHLY,1087
84,44,TRANSACTION,1088
4439,30,MONTHLY,1088
4462,73,WEEKLY,1090
3814,74,MONTHLY,1090
2780,63,MONTHLY,1092
3273,74,MONTHLY,1092
3559,18,MONTHLY,1093
3968,36,MONTHLY,1095
2159,1,MONTHLY,1095
849,1,MONTHLY,1095
2288,69,MONTHLY,1095
3051,9,MONTHLY,1095
946,21,MONTHLY,1095
2075,33,MONTHLY,1095
8931,63,WEEKLY,1095
9225,11,MONTHLY,1095
3278,4,MONTHLY,1096
2811,4,MONTHLY,1096
1670,12,MONTHLY,1096
275,29,MONTHLY,1096
1455,66,MONTHLY,1097
1311,60,MONTHLY,1097
6678,54,MONTHLY,1097
145,31,MONTHLY,1097
312,41,MONTHLY,1097
2233,43,MONTHLY,1097
3530,34,MONTHLY,1097
7828,36,MONTHLY,1099
9024,1,MONTHLY,1099
1711,63,MONTHLY,1099
2223,44,MONTHLY,1099
646,51,MONTHLY,1100
2548,57,MONTHLY,1100
2567,17,MONTHLY,1101
2153,31,WEEKLY,1101
1243,1,MONTHLY,1101
3238,47,MONTHLY,1101
954,74,MONTHLY,1102
9633,70,MONTHLY,1102
2716,66,MONTHLY,1102
1580,69,MONTHLY,1102
1483,10,MONTHLY,1103
1263,30,WEEKLY,1103
3966,42,MONTHLY,1103
3937,76,MONTHLY,1104
1591,65,MONTHLY,1104
658,4,MONTHLY,1104
3638,52,TRANSACTION,1104
2605,21,MONTHLY,1104
3661,50,MONTHLY,1105
2686,26,MONTHLY,1105
2944,22,MONTHLY,1105
4994,1,WEEKLY,1105
3949,54,MONTHLY,1105
332,36,MONTHLY,1106
69,64,MONTHLY,1106
3673,30,MONTHLY,1106
5267,4,MONTHLY,1106
3170,1,MONTHLY,1106
1632,18,WEEKLY,1107
2143,1,MONTHLY,1107
1227,69,MONTHLY,1107
204,67,MONTHLY,1107
1093,54,MONTHLY,1108
1486,63,MONTHLY,1109
4253,43,MONTHLY,1110
1196,29,MONTHLY,1110
3442,4,MONTHLY,1110
9051,5,WEEKLY,1111
3373,27,MONTHLY,1112
1036,11,MONTHLY,1112
3727,66,MONTHLY,1113
2844,43,MONTHLY,1113
10297,14,MONTHLY,1113
3755,64,MONTHLY,1114
1298,7,MONTHLY,1114
1139,34,TRANSACTION,1114
660,68,MONTHLY,1114
335,74,MONTHLY,1114
412,74,MONTHLY,1115
2863,14,MONTHLY,1115
2274,66,MONTHLY,1115
2522,36,MONTHLY,1115
4981,54,MONTHLY,1116
771,22,MONTHLY,1116
3832,45,MONTHLY,1116
1508,69,MONTHLY,1116
3784,25,MONTHLY,1116
9645,38,MONTHLY,1117
3947,76,MONTHLY,1117
2416,5,MONTHLY,1117
2243,25,MONTHLY,1118
3993,54,MONTHLY,1118
2225,15,MONTHLY,1118
1759,39,MONTHLY,1119
2207,35,MONTHLY,1119
3803,61,MONTHLY,1120
2754,57,WEEKLY,1120
3009,1,MONTHLY,1120
314,15,TRANSACTION,1120
554,26,MONTHLY,1120
2217,73,MONTHLY,1121
262,75,MONTHLY,1121
2214,45,MONTHLY,1121
976,77,MONTHLY,1121
1439,11,MONTHLY,1121
417,73,MONTHLY,1121
3084,59,WEEKLY,1122
4204,21,MONTHLY,1123
9504,9,MONTHLY,1123
414,1,MONTHLY,1123
4424,48,MONTHLY,1123
3389,13,MONTHLY,1124
2106,1,MONTHLY,1126
355,62,WEEKLY,1126
2702,74,MONTHLY,1126
11054,59,WEEKLY,1126
10558,40,MONTHLY,1126
1859,50,MONTHLY,1127
2109,34,MONTHLY,1127
6512,34,WEEKLY,1128
1963,42,MONTHLY,1128
1977,41,MONTHLY,1128
5181,75,MONTHLY,1128
1791,1,MONTHLY,1128
2635,27,MONTHLY,1129
1623,1,MONTHLY,1129
4293,64,TRANSACTION,1129
4851,52,MONTHLY,1129
2774,42,MONTHLY,1130
2469,11,MONTHLY,1130
3931,28,MONTHLY,1130
2348,65,MONTHLY,1130
218,68,MONTHLY,1131
804,64,MONTHLY,1131
923,13,MONTHLY,1132
1744,76,MONTHLY,1132
2890,69,MONTHLY,1132
1233,31,MONTHLY,1133
2719,10,MONTHLY,1133
516,6,MONTHLY,1133
2551,5,MONTHLY,1133
2499,2,MONTHLY,1133
2893,39,MONTHLY,1133
1922,60,MONTHLY,1134
264,15,MONTHLY,1134
3890,50,MONTHLY,1135
6686,61,MONTHLY,1135
3519,52,MONTHLY,1135
3597,1,TRANSACTION,1136
1611,69,MONTHLY,1136
2230,7,MONTHLY,1136
3933,61,MONTHLY,1136
2212,33,MONTHLY,1137
1964,25,MONTHLY,1137
4999,1,MONTHLY,1137
8680,17,MONTHLY,1137
1612,66,MONTHLY,1137
2390,1,MONTHLY,1137
2600,1,MONTHLY,1138
1737,77,MONTHLY,1138
2993,1,WEEKLY,1138
2753,26,MONTHLY,1138
2409,76,MONTHLY,1138
949,58,MONTHLY,1138
3468,32,MONTHLY,1139
3979,37,MONTHLY,1139
296,49,MONTHLY,1139
1836,42,MONTHLY,1140
1111,5,MONTHLY,1141
3680,27,MONTHLY,1141
1916,72,MONTHLY,1141
2473,14,MONTHLY,1141
390,44,MONTHLY,1141
3439,16,MONTHLY,1141
7594,16,MONTHLY,1141
3578,1,MONTHLY,1142
2226,2,MONTHLY,1142
466,71,MONTHLY,1143
3335,35,MONTHLY,1143
620,26,MONTHLY,1143
2074,12,MONTHLY,1143
1380,53,MONTHLY,1144
2304,49,MONTHLY,1144
3754,37,WEEKLY,1144
1102,70,MONTHLY,1144
55,20,MONTHLY,1144
2403,25,MONTHLY,1145
1732,51,MONTHLY,1145
3721,22,MONTHLY,1146
184,77,MONTHLY,1146
691,24,MONTHLY,1146
10233,27,MONTHLY,1146
3358,44,MONTHLY,1146
4,12,MONTHLY,1146
3151,6,MONTHLY,1146
2017,54,MONTHLY,1146
2804,53,MONTHLY,1147
1310,1,MONTHLY,1147
3016,26,MONTHLY,1148
827,36,MONTHLY,1148
959,1,MONTHLY,1148
1585,42,MONTHLY,1148
590,50,MONTHLY,1149
3924,70,MONTHLY,1149
2772,11,MONTHLY,1149
1962,77,MONTHLY,1149
10478,70,WEEKLY,1149
5692,66,MONTHLY,1150
1265,49,MONTHLY,1150
167,29,WEEKLY,1151
2187,9,WEEKLY,1151
3079,18,MONTHLY,1151
3286,8,MONTHLY,1151
230,1,MONTHLY,1151
3193,74,MONTHLY,1152
5593,15,MONTHLY,1152
4088,45,MONTHLY,1155
3409,23,MONTHLY,1155
1216,77,MONTHLY,1155
2491,76,MONTHLY,1155
2498,40,MONTHLY,1155
3366,68,MONTHLY,1156
936,7,MONTHLY,1156
856,2,MONTHLY,1157
718,1,MONTHLY,1157
3698,1,MONTHLY,1157
3462,51,MONTHLY,1158
3881,21,MONTHLY,1158
3709,74,MONTHLY,1159
1349,75,MONTHLY,1159
1886,32,MONTHLY,1159
1897,61,TRANSACTION,1159
1564,48,MONTHLY,1159
2062,70,MONTHLY,1160
141,38,MONTHLY,1160
1763,73,MONTHLY,1160
2611,1,MONTHLY,1160
825,19,MONTHLY,1160
3943,71,MONTHLY,1160
9422,70,MONTHLY,1160
1606,23,MONTHLY,1161
3263,44,MONTHLY,1161
2289,1,MONTHLY,1161
3121,46,MONTHLY,1162
3088,18,MONTHLY,1162
3952,26,MONTHLY,1162
3974,55,MONTHLY,1162
3502,74,MONTHLY,1162
3351,70,MONTHLY,1162
2105,70,MONTHLY,1163
3144,67,MONTHLY,1163
846,72,MONTHLY,1163
357,20,MONTHLY,1164
103,44,MONTHLY,1164
3118,48,MONTHLY,1164
4361,69,MONTHLY,1165
1722,32,MONTHLY,1165
4273,15,MONTHLY,1165
1510,33,MONTHLY,1165
895,24,MONTHLY,1166
840,70,MONTHLY,1166
2263,36,MONTHLY,1166
356,70,MONTHLY,1166
4863,5,MONTHLY,1166
3455,34,MONTHLY,1167
4092,74,MONTHLY,1167
10807,34,MONTHLY,1167
2598,1,MONTHLY,1168
2633,25,MONTHLY,1168
1800,51,MONTHLY,1168
1698,68,MONTHLY,1168
3994,15,MONTHLY,1168
1365,42,MONTHLY,1169
666,27,MONTHLY,1169
9242,57,MONTHLY,1169
4346,25,MONTHLY,1169
3296,67,MONTHLY,1169
2864,54,MONTHLY,1170
1980,49,MONTHLY,1170
1445,60,MONTHLY,1170
821,60,MONTHLY,1170
5591,9,MONTHLY,1170
236,72,MONTHLY,1170
210,48,MONTHLY,1171
3795,36,MONTHLY,1172
865,17,MONTHLY,1172
739,66,MONTHLY,1172
3672,26,MONTHLY,1173
2334,50,MONTHLY,1173
1028,23,MONTHLY,1173
468,49,MONTHLY,1173
853,1,MONTHLY,1174
525,70,MONTHLY,1174
3322,65,WEEKLY,1174
2033,71,MONTHLY,1174
3130,13,MONTHLY,1174
2904,13,MONTHLY,1174
1014,74,MONTHLY,1174
116,8,MONTHLY,1175
10436,60,MONTHLY,1175
4214,1,MONTHLY,1175
824,32,MONTHLY,1175
3743,1,MONTHLY,1176
2192,59,MONTHLY,1176
2406,5,MONTHLY,1176
2889,8,MONTHLY,1177
1369,32,MONTHLY,1177
2767,54,MONTHLY,1177
4008,27,MONTHLY,1177
874,56,WEEKLY,1177
3815,1,MONTHLY,1178
3605,3,MONTHLY,1178
3138,37,MONTHLY,1178
2578,54,MONTHLY,1179
2708,1,MONTHLY,1179
631,68,MONTHLY,1179
1170,25,MONTHLY,1180
2650,72,MONTHLY,1180
7890,23,MONTHLY,1180
3219,1,MONTHLY,1180
3115,14,MONTHLY,1181
208,54,MONTHLY,1181
286,71,MONTHLY,1181
898,71,MONTHLY,1181
2936,3,MONTHLY,1181
3422,21,MONTHLY,1182
10049,17,MONTHLY,1182
1250,62,MONTHLY,1182
1384,74,WEEKLY,1182
2624,31,MONTHLY,1182
3349,47,MONTHLY,1182
1351,40,MONTHLY,1183
2631,1,MONTHLY,1183
7520,9,MONTHLY,1183
10065,76,MONTHLY,1184
708,26,MONTHLY,1184
3917,1,MONTHLY,1184
514,70,MONTHLY,1184
2659,14,MONTHLY,1184
3265,52,TRANSACTION,1184
1832,70,MONTHLY,1186
7565,59,MONTHLY,1187
3308,40,MONTHLY,1187
1932,35,MONTHLY,1188
1521,74,MONTHLY,1189
2909,58,MONTHLY,1189
3706,8,MONTHLY,1189
1847,47,MONTHLY,1189
2335,70,MONTHLY,1189
3041,70,MONTHLY,1189
3116,54,MONTHLY,1190
251,74,MONTHLY,1191
3632,56,WEEKLY,1191
2929,51,MONTHLY,1191
10345,36,MONTHLY,1192
1450,63,MONTHLY,1192
1461,73,MONTHLY,1192
1920,40,MONTHLY,1193
734,5,MONTHLY,1193
8085,73,MONTHLY,1193
1948,64,MONTHLY,1193
3534,59,MONTHLY,1193
278,73,MONTHLY,1193
2012,4,MONTHLY,1193
1020,56,MONTHLY,1194
2986,63,MONTHLY,1194
615,72,MONTHLY,1194
7894,27,MONTHLY,1194
3294,75,MONTHLY,1194
2450,48,MONTHLY,1195
1503,71,MONTHLY,1195
3247,61,MONTHLY,1196
3568,40,MONTHLY,1196
152,1,MONTHLY,1197
5072,6,MONTHLY,1197
1456,9,MONTHLY,1197
1622,19,MONTHLY,1197
10215,38,MONTHLY,1197
2247,24,MONTHLY,1198
2205,51,MONTHLY,1198
1543,1,MONTHLY,1199
1655,41,MONTHLY,1200
3976,74,MONTHLY,1200
1383,11,MONTHLY,1200
439,69,MONTHLY,1200
1550,1,MONTHLY,1200
101,35,MONTHLY,1201
1473,39,MONTHLY,1201
1121,32,MONTHLY,1202
2254,1,MONTHLY,1202
3806,36,MONTHLY,1203
283,44,MONTHLY,1203
2432,8,MONTHLY,1203
3802,44,MONTHLY,1203
3821,18,MONTHLY,1203
3907,37,MONTHLY,1203
3854,8,MONTHLY,1203
3606,1,MONTHLY,1203
1939,6,WEEKLY,1204
5726,17,TRANSACTION,1204
3998,2,MONTHLY,1205
3021,10,MONTHLY,1205
1607,71,MONTHLY,1205
1733,18,MONTHLY,1205
2474,33,MONTHLY,1205
3816,25,MONTHLY,1206
766,3,MONTHLY,1206
695,5,MONTHLY,1206
2287,1,MONTHLY,1206
1358,39,MONTHLY,1206
3019,33,MONTHLY,1206
1641,50,MONTHLY,1207
1624,53,MONTHLY,1207
798,1,MONTHLY,1207
7240,17,MONTHLY,1208
4458,60,MONTHLY,1208
3596,59,MONTHLY,1208
1709,24,MONTHLY,1208
3859,53,MONTHLY,1208
481,72,MONTHLY,1208
1070,62,MONTHLY,1208
3280,1,MONTHLY,1209
689,1,MONTHLY,1209
4488,33,MONTHLY,1209
2246,1,MONTHLY,1210
3301,14,MONTHLY,1210
7997,10,MONTHLY,1210
1542,1,MONTHLY,1210
5395,47,MONTHLY,1211
780,3,MONTHLY,1211
5505,1,MONTHLY,1211
3178,4,MONTHLY,1212
500,56,MONTHLY,1212
3451,52,MONTHLY,1212
1304,40,MONTHLY,1212
3664,1,MONTHLY,1213
3038,10,MONTHLY,1213
951,3,MONTHLY,1213
1529,1,MONTHLY,1213
3027,62,MONTHLY,1214
4342,74,MONTHLY,1214
1582,28,MONTHLY,1216
2730,23,MONTHLY,1217
8896,28,TRANSACTION,1217
1716,46,MONTHLY,1217
986,74,MONTHLY,1217
1192,29,MONTHLY,1217
2116,70,MONTHLY,1217
4127,50,MONTHLY,1218
3791,1,WEEKLY,1218
3531,59,MONTHLY,1218
2994,77,MONTHLY,1218
1328,8,MONTHLY,1219
97,74,MONTHLY,1220
3648,61,MONTHLY,1221
2591,1,MONTHLY,1221
1614,63,MONTHLY,1222
706,49,MONTHLY,1222
2232,1,MONTHLY,1222
2946,54,MONTHLY,1222
2346,27,MONTHLY,1223
3736,54,MONTHLY,1223
3887,62,MONTHLY,1223
1672,5,MONTHLY,1223
1752,68,MONTHLY,1223
1996,6,WEEKLY,1223
1244,68,MONTHLY,1223
1213,36,MONTHLY,1223
3928,24,MONTHLY,1223
1045,3,MONTHLY,1224
302,7,MONTHLY,1224
444,26,MONTHLY,1224
2035,53,MONTHLY,1225
3942,27,WEEKLY,1225
9494,21,MONTHLY,1225
913,59,MONTHLY,1225
3248,77,MONTHLY,1226
51,67,MONTHLY,1226
132,40,TRANSACTION,1226
3512,46,MONTHLY,1226
6792,1,MONTHLY,1226
491,44,MONTHLY,1227
9513,59,MONTHLY,1227
684,49,MONTHLY,1227
3285,43,MONTHLY,1227
3434,32,MONTHLY,1228
2619,20,MONTHLY,1228
6158,67,MONTHLY,1228
1013,59,MONTHLY,1228
3523,65,MONTHLY,1229
136,74,MONTHLY,1229
632,29,MONTHLY,1229
3769,3,MONTHLY,1229
2757,54,MONTHLY,1229
360,32,MONTHLY,1229
9199,72,MONTHLY,1230
2752,74,MONTHLY,1230
10694,73,WEEKLY,1230
76,52,MONTHLY,1231
1924,66,MONTHLY,1231
8772,1,MONTHLY,1231
2505,60,MONTHLY,1231
7542,54,MONTHLY,1231
1074,59,MONTHLY,1231
3495,54,MONTHLY,1232
1904,70,MONTHLY,1233
1040,19,MONTHLY,1233
776,66,MONTHLY,1233
3162,63,WEEKLY,1233
379,32,MONTHLY,1233
3731,70,MONTHLY,1235
1323,43,MONTHLY,1235
580,75,MONTHLY,1235
2805,39,MONTHLY,1235
1399,45,MONTHLY,1235
1210,28,MONTHLY,1236
8972,70,MONTHLY,1236
891,34,MONTHLY,1238
2888,19,MONTHLY,1238
832,42,MONTHLY,1239
1905,34,MONTHLY,1240
7713,50,WEEKLY,1240
4099,54,MONTHLY,1241
3055,15,MONTHLY,1241
1715,60,MONTHLY,1241
1646,1,WEEKLY,1242
612,1,MONTHLY,1242
450,59,MONTHLY,1243
10445,72,MONTHLY,1244
268,3,MONTHLY,1244
3240,35,WEEKLY,1244
877,1,MONTHLY,1244
621,52,MONTHLY,1247
1124,26,MONTHLY,1248
687,27,MONTHLY,1248
3590,57,MONTHLY,1248
3459,76,MONTHLY,1248
2389,40,MONTHLY,1248
2837,46,MONTHLY,1248
2190,41,WEEKLY,1250
3746,70,MONTHLY,1250
2982,19,MONTHLY,1250
9263,68,MONTHLY,1250
1405,53,MONTHLY,1250
1954,72,MONTHLY,1251
1973,71,MONTHLY,1251
3448,58,WEEKLY,1252
1913,48,MONTHLY,1252
958,72,MONTHLY,1252
3199,66,MONTHLY,1252
375,68,MONTHLY,1253
1270,55,TRANSACTION,1253
9548,62,MONTHLY,1253
3522,16,MONTHLY,1253
669,35,MONTHLY,1253
732,38,MONTHLY,1253
4585,27,MONTHLY,1254
171,46,MONTHLY,1254
3676,58,MONTHLY,1254
1082,2,MONTHLY,1254
6699,35,MONTHLY,1254
1219,1,MONTHLY,1254
4803,26,MONTHLY,1254
1528,50,MONTHLY,1254
9510,1,MONTHLY,1255
7926,69,WEEKLY,1255
3591,1,TRANSACTION,1255
1058,47,MONTHLY,1257
1431,41,MONTHLY,1257
181,21,MONTHLY,1257
603,62,MONTHLY,1257
409,1,MONTHLY,1257
3584,55,MONTHLY,1258
93,2,MONTHLY,1258
2104,48,MONTHLY,1258
2710,12,MONTHLY,1258
3957,33,WEEKLY,1259
1869,1,MONTHLY,1260
2397,70,MONTHLY,1260
2603,9,MONTHLY,1260
3723,2,MONTHLY,1260
3668,1,MONTHLY,1261
2400,40,MONTHLY,1261
3015,19,MONTHLY,1261
558,10,MONTHLY,1261
3114,1,MONTHLY,1261
4626,9,MONTHLY,1261
1444,70,MONTHLY,1262
4447,62,MONTHLY,1262
3515,68,MONTHLY,1262
8158,48,WEEKLY,1262
848,31,MONTHLY,1262
1086,37,MONTHLY,1263
2602,46,MONTHLY,1263
4768,39,MONTHLY,1263
507,52,MONTHLY,1263
3647,77,MONTHLY,1263
3180,1,MONTHLY,1264
1271,17,MONTHLY,1264
2870,1,MONTHLY,1264
3645,36,MONTHLY,1264
3239,5,MONTHLY,1265
3485,53,MONTHLY,1265
567,15,MONTHLY,1265
373,67,MONTHLY,1266
2977,28,MONTHLY,1266
488,25,MONTHLY,1266
3120,1,MONTHLY,1266
3801,1,MONTHLY,1266
72,1,WEEKLY,1266
10361,21,MONTHLY,1267
587,19,MONTHLY,1267
1097,67,MONTHLY,1268
3206,38,MONTHLY,1268
3696,1,MONTHLY,1268
2387,70,MONTHLY,1268
3585,1,MONTHLY,1269
2706,47,MONTHLY,1269
2773,38,MONTHLY,1269
1781,10,MONTHLY,1269
962,64,MONTHLY,1270
2395,3,MONTHLY,1270
3227,1,MONTHLY,1270
2295,57,MONTHLY,1271
9631,11,MONTHLY,1271
140,24,MONTHLY,1271
788,12,MONTHLY,1271
2040,75,MONTHLY,1271
1029,26,MONTHLY,1271
3318,62,MONTHLY,1271
2420,35,MONTHLY,1271
3432,1,MONTHLY,1271
6688,16,MONTHLY,1271
3899,22,MONTHLY,1271
1275,32,MONTHLY,1272
1087,55,MONTHLY,1272
1396,46,MONTHLY,1272
3573,59,MONTHLY,1273
3149,57,MONTHLY,1273
1007,1,MONTHLY,1274
4379,44,MONTHLY,1274
2950,62,MONTHLY,1274
3793,5,MONTHLY,1274
3588,33,MONTHLY,1274
878,52,MONTHLY,1275
3864,33,MONTHLY,1277
1266,57,MONTHLY,1277
3089,12,WEEKLY,1278
7181,77,TRANSACTION,1278
1241,53,MONTHLY,1278
1004,70,MONTHLY,1278
2344,13,MONTHLY,1278
2530,74,MONTHLY,1278
170,59,MONTHLY,1278
2319,58,MONTHLY,1278
7033,75,MONTHLY,1279
88,31,MONTHLY,1279
1480,41,WEEKLY,1279
2526,16,MONTHLY,1280
2604,68,MONTHLY,1280
5269,49,MONTHLY,1280
3563,1,MONTHLY,1280
3550,68,MONTHLY,1280
1903,11,MONTHLY,1281
3153,2,MONTHLY,1281
265,19,MONTHLY,1281
2812,18,MONTHLY,1281
1609,41,MONTHLY,1281
2737,69,MONTHLY,1282
7101,54,MONTHLY,1282
313,73,MONTHLY,1282
2593,5,MONTHLY,1282
1232,48,MONTHLY,1282
2108,74,MONTHLY,1282
3694,70,MONTHLY,1282
1289,72,MONTHLY,1283
2445,52,MONTHLY,1283
7733,19,WEEKLY,1284
1758,21,MONTHLY,1284
9859,27,MONTHLY,1284
10711,36,MONTHLY,1284
725,70,MONTHLY,1284
1739,3,MONTHLY,1284
10202,70,MONTHLY,1284
506,67,MONTHLY,1284
955,59,MONTHLY,1284
932,20,MONTHLY,1284
413,18,MONTHLY,1285
3334,67,MONTHLY,1285
2625,48,WEEKLY,1285
2147,28,MONTHLY,1286
984,2,MONTHLY,1286
3848,20,MONTHLY,1286
2825,54,MONTHLY,1286
5602,19,TRANSACTION,1286
1094,35,MONTHLY,1286
690,10,MONTHLY,1287
2945,6,MONTHLY,1287
573,1,WEEKLY,1287
2131,70,MONTHLY,1287
2821,54,MONTHLY,1288
2112,44,MONTHLY,1288
2506,22,TRANSACTION,1288
1078,1,MONTHLY,1288
1895,35,MONTHLY,1288
2961,9,MONTHLY,1288
3426,9,WEEKLY,1289
3204,61,MONTHLY,1289
2887,76,MONTHLY,1289
2468,4,MONTHLY,1289
3350,74,MONTHLY,1289
858,52,MONTHLY,1289
2359,54,MONTHLY,1290
3726,54,MONTHLY,1290
584,31,MONTHLY,1290
392,1,MONTHLY,1290
869,16,MONTHLY,1291
526,67,MONTHLY,1292
571,72,MONTHLY,1292
3946,70,MONTHLY,1292
2573,4,MONTHLY,1292
593,48,MONTHLY,1292
4086,66,MONTHLY,1293
6461,50,MONTHLY,1293
110,36,MONTHLY,1293
9138,26,MONTHLY,1294
5837,5,MONTHLY,1294
971,12,MONTHLY,1294
81,74,MONTHLY,1294
4537,53,WEEKLY,1294
2266,50,MONTHLY,1295
137,70,MONTHLY,1295
3562,50,MONTHLY,1295
1893,48,MONTHLY,1296
2882,44,MONTHLY,1296
5250,8,WEEKLY,1296
7674,1,MONTHLY,1297
11123,39,MONTHLY,1297
1765,18,MONTHLY,1297
847,2,MONTHLY,1297
4618,3,MONTHLY,1297
3543,74,MONTHLY,1297
1471,1,MONTHLY,1297
3472,55,MONTHLY,1297
2407,1,MONTHLY,1297
378,68,MONTHLY,1298
1188,16,MONTHLY,1298
2652,1,MONTHLY,1298
3526,1,MONTHLY,1298
113,55,MONTHLY,1298
3733,33,MONTHLY,1298
683,74,MONTHLY,1298
3494,60,MONTHLY,1298
3518,9,MONTHLY,1298
4320,61,MONTHLY,1299
6495,6,MONTHLY,1299
3511,70,MONTHLY,1299
303,71,MONTHLY,1301
3932,74,MONTHLY,1301
2717,74,MONTHLY,1301
2983,42,MONTHLY,1301
1490,5,MONTHLY,1301
3443,45,MONTHLY,1302
11027,32,WEEKLY,1302
3491,51,MONTHLY,1303
6453,34,MONTHLY,1303
7907,70,MONTHLY,1303
2291,49,MONTHLY,1303
1900,27,MONTHLY,1303
4389,77,MONTHLY,1304
3192,18,MONTHLY,1304
836,46,MONTHLY,1304
3880,3,MONTHLY,1304
7424,68,MONTHLY,1304
1187,55,MONTHLY,1304
25,68,MONTHLY,1304
10954,25,MONTHLY,1305
1571,66,MONTHLY,1305
1160,39,WEEKLY,1305
1985,20,MONTHLY,1305
3359,8,MONTHLY,1306
9646,1,WEEKLY,1306
1906,1,MONTHLY,1308
194,44,MONTHLY,1308
371,12,MONTHLY,1309
9159,64,MONTHLY,1309
3040,17,MONTHLY,1310
4071,64,MONTHLY,1310
2278,1,MONTHLY,1310
2350,18,MONTHLY,1311
4438,48,MONTHLY,1311
2004,42,MONTHLY,1311
2101,9,MONTHLY,1311
3397,49,MONTHLY,1311
1267,43,MONTHLY,1312
2102,41,MONTHLY,1312
1654,30,MONTHLY,1312
2383,68,MONTHLY,1312
2134,52,MONTHLY,1313
1738,15,MONTHLY,1313
1576,35,WEEKLY,1313
3614,19,MONTHLY,1314
2066,25,MONTHLY,1314
2117,48,MONTHLY,1314
436,30,MONTHLY,1314
2329,1,MONTHLY,1314
4442,54,MONTHLY,1315
1325,26,MONTHLY,1315
715,32,MONTHLY,1315
9491,7,WEEKLY,1315
2917,68,MONTHLY,1315
503,1,MONTHLY,1315
2794,74,MONTHLY,1315
2191,1,MONTHLY,1315
2947,57,MONTHLY,1316
2086,70,WEEKLY,1316
3020,3,MONTHLY,1316
1211,49,MONTHLY,1316
2724,11,MONTHLY,1316
963,7,MONTHLY,1316
3749,68,MONTHLY,1317
1223,70,MONTHLY,1317
613,74,TRANSACTION,1317
2149,7,MONTHLY,1318
416,6,MONTHLY,1318
1501,50,MONTHLY,1318
2114,30,MONTHLY,1318
176,71,WEEKLY,1319
3066,74,MONTHLY,1319
911,60,MONTHLY,1319
779,16,MONTHLY,1320
916,1,MONTHLY,1320
271,1,MONTHLY,1320
2439,74,MONTHLY,1320
2210,31,MONTHLY,1320
1885,47,MONTHLY,1320
447,5,MONTHLY,1321
3549,27,MONTHLY,1321
1563,47,MONTHLY,1321
753,31,MONTHLY,1321
2764,53,MONTHLY,1322
2973,23,MONTHLY,1322
2209,65,MONTHLY,1322
2013,54,MONTHLY,1322
1935,38,MONTHLY,1322
382,14,MONTHLY,1323
42,39,MONTHLY,1323
945,18,MONTHLY,1323
8038,47,MONTHLY,1324
967,15,MONTHLY,1324
3741,65,MONTHLY,1325
3311,8,MONTHLY,1325
656,3,MONTHLY,1325
1667,56,MONTHLY,1325
3789,6,MONTHLY,1325
7637,46,MONTHLY,1326
4010,30,MONTHLY,1326
4144,1,MONTHLY,1326
3347,4,MONTHLY,1326
2976,13,MONTHLY,1326
4480,58,MONTHLY,1326
4969,60,WEEKLY,1326
1274,54,WEEKLY,1326
7099,1,MONTHLY,1327
166,17,MONTHLY,1327
1367,74,MONTHLY,1327
2795,11,MONTHLY,1327
2034,54,MONTHLY,1328
2622,1,MONTHLY,1328
10562,51,MONTHLY,1328
1593,16,MONTHLY,1329
3004,11,MONTHLY,1329
617,74,MONTHLY,1330
2746,24,MONTHLY,1330
3427,36,MONTHLY,1330
58,29,MONTHLY,1330
918,60,MONTHLY,1330
324,1,MONTHLY,1330
9826,68,MONTHLY,1330
2094,73,MONTHLY,1330
20,74,MONTHLY,1331
2930,1,MONTHLY,1331
182,47,MONTHLY,1331
1517,5,MONTHLY,1331
4186,1,MONTHLY,1332
3467,17,MONTHLY,1332
1350,21,WEEKLY,1332
10220,44,MONTHLY,1333
2792,1,MONTHLY,1333
1504,1,MONTHLY,1333
3161,48,MONTHLY,1333
987,15,MONTHLY,1334
2360,26,MONTHLY,1334
399,1,MONTHLY,1334
637,49,MONTHLY,1334
3353,74,MONTHLY,1334
4588,12,MONTHLY,1334
10,54,MONTHLY,1335
2113,7,MONTHLY,1335
2677,5,MONTHLY,1335
6062,24,MONTHLY,1335
2065,61,MONTHLY,1335
1894,6,MONTHLY,1336
1117,68,MONTHLY,1336
833,31,MONTHLY,1336
3155,28,MONTHLY,1336
242,69,MONTHLY,1336
812,1,MONTHLY,1337
3774,72,MONTHLY,1337
3272,53,MONTHLY,1337
7990,9,MONTHLY,1337
7262,70,MONTHLY,1337
3504,70,MONTHLY,1337
2347,38,MONTHLY,1337
269,3,MONTHLY,1337
1258,3,MONTHLY,1339
3418,42,TRANSACTION,1340
871,1,MONTHLY,1340
2953,1,MONTHLY,1340
3126,17,MONTHLY,1341
1293,40,MONTHLY,1341
406,63,MONTHLY,1341
4456,14,MONTHLY,1341
174,52,MONTHLY,1342
694,67,MONTHLY,1342
2885,1,MONTHLY,1342
2872,1,MONTHLY,1342
920,58,MONTHLY,1343
1525,57,MONTHLY,1343
1997,74,MONTHLY,1343
1679,68,MONTHLY,1343
7082,57,MONTHLY,1344
1910,60,MONTHLY,1344
5362,76,WEEKLY,1344
1408,10,MONTHLY,1345
125,2,TRANSACTION,1345
2655,1,MONTHLY,1345
2314,2,MONTHLY,1345
297,74,MONTHLY,1346
2914,4,MONTHLY,1346
4405,41,MONTHLY,1346
2084,44,MONTHLY,1346
2045,34,MONTHLY,1347
2058,34,MONTHLY,1347
1190,52,MONTHLY,1347
1067,34,MONTHLY,1348
2629,66,MONTHLY,1348
1774,61,MONTHLY,1348
2156,1,MONTHLY,1349
2349,72,MONTHLY,1349
2614,44,MONTHLY,1349
339,46,WEEKLY,1349
2164,63,MONTHLY,1350
3508,42,MONTHLY,1350
164,60,MONTHLY,1351
1799,9,MONTHLY,1351
1600,1,MONTHLY,1351
3044,72,MONTHLY,1352
3499,51,MONTHLY,1352
1474,63,MONTHLY,1352
2026,64,MONTHLY,1352
1556,54,MONTHLY,1353
6075,19,MONTHLY,1353
1066,16,WEEKLY,1353
2275,1,MONTHLY,1354
5305,47,MONTHLY,1354
1329,53,MONTHLY,1354
3098,1,MONTHLY,1354
4349,74,MONTHLY,1354
2990,30,MONTHLY,1354
3800,30,MONTHLY,1354
3191,72,MONTHLY,1355
2076,18,MONTHLY,1355
1002,50,MONTHLY,1355
8381,14,MONTHLY,1355
1957,33,MONTHLY,1356
3569,1,MONTHLY,1356
10789,75,MONTHLY,1356
831,44,MONTHLY,1356
6083,6,WEEKLY,1357
1669,39,MONTHLY,1357
8268,59,MONTHLY,1357
1063,68,MONTHLY,1357
1532,54,MONTHLY,1357
3179,71,MONTHLY,1358
2906,49,MONTHLY,1358
1538,22,MONTHLY,1358
2640,1,MONTHLY,1359
2921,54,MONTHLY,1359
3431,64,MONTHLY,1359
3967,54,MONTHLY,1360
1173,11,MONTHLY,1360
7632,68,MONTHLY,1360
2339,63,MONTHLY,1360
1100,35,MONTHLY,1361
1484,70,MONTHLY,1361
2801,11,MONTHLY,1361
1113,8,MONTHLY,1361
770,7,MONTHLY,1362
2332,77,MONTHLY,1362
1463,32,MONTHLY,1363
3894,52,MONTHLY,1363
2091,1,MONTHLY,1363
1377,1,MONTHLY,1363
9241,74,MONTHLY,1363
1308,54,MONTHLY,1363
1370,52,MONTHLY,1363
3399,63,MONTHLY,1364
1374,53,MONTHLY,1364
2955,67,MONTHLY,1365
3446,6,TRANSACTION,1365
3339,1,MONTHLY,1365
1631,10,MONTHLY,1365
2869,68,MONTHLY,1365
2083,1,MONTHLY,1366
1823,3,MONTHLY,1366
2561,59,MONTHLY,1367
972,46,MONTHLY,1367
698,71,MONTHLY,1367
2294,46,MONTHLY,1367
2373,14,MONTHLY,1367
241,15,MONTHLY,1367
2483,1,MONTHLY,1367
569,76,MONTHLY,1369
1500,43,MONTHLY,1369
3232,37,MONTHLY,1370
618,1,MONTHLY,1370
1502,1,MONTHLY,1370
10857,50,MONTHLY,1370
692,69,MONTHLY,1370
3843,62,MONTHLY,1370
3158,71,MONTHLY,1371
3071,41,MONTHLY,1371
1586,1,MONTHLY,1371
3913,23,MONTHLY,1372
822,40,MONTHLY,1372
1155,43,MONTHLY,1372
2807,42,MONTHLY,1372
1751,53,MONTHLY,1372
3904,18,MONTHLY,1373
2252,1,MONTHLY,1373
826,44,MONTHLY,1373
1008,13,MONTHLY,1373
1558,32,MONTHLY,1374
2465,57,MONTHLY,1374
814,76,MONTHLY,1374
325,75,MONTHLY,1374
261,54,MONTHLY,1375
2240,36,MONTHLY,1375
2657,55,MONTHLY,1375
7636,40,MONTHLY,1376
3175,50,MONTHLY,1376
1812,31,MONTHLY,1376
10607,52,MONTHLY,1376
2999,66,MONTHLY,1376
921,10,MONTHLY,1376
2934,1,MONTHLY,1376
3394,23,MONTHLY,1377
1777,60,MONTHLY,1378
1003,28,MONTHLY,1378
4090,72,MONTHLY,1379
3249,74,MONTHLY,1379
472,8,MONTHLY,1379
6950,36,MONTHLY,1380
3271,8,MONTHLY,1380
3329,3,MONTHLY,1380
9677,8,MONTHLY,1381
342,64,MONTHLY,1381
536,14,MONTHLY,1381
350,47,MONTHLY,1381
2475,17,MONTHLY,1381
10063,4,WEEKLY,1381
581,26,MONTHLY,1381
2988,66,TRANSACTION,1382
3314,25,MONTHLY,1382
4949,33,MONTHLY,1382
713,58,MONTHLY,1383
11325,62,MONTHLY,1383
8628,2,TRANSACTION,1383
4493,61,TRANSACTION,1383
410,49,MONTHLY,1383
3776,1,MONTHLY,1384
1577,67,MONTHLY,1384
8784,1,MONTHLY,1384
1645,50,MONTHLY,1384
3454,32,MONTHLY,1385
2046,68,MONTHLY,1385
1492,24,MONTHLY,1385
3143,38,MONTHLY,1386
2709,2,MONTHLY,1386
1541,60,MONTHLY,1386
305,34,MONTHLY,1386
3690,67,TRANSACTION,1386
3766,29,TRANSACTION,1386
1745,53,MONTHLY,1387
1090,69,MONTHLY,1387
329,3,MONTHLY,1387
975,1,MONTHLY,1387
5317,28,MONTHLY,1388
6592,1,MONTHLY,1388
1060,6,MONTHLY,1388
473,73,MONTHLY,1388
1464,73,MONTHLY,1389
1819,55,WEEKLY,1389
2502,32,MONTHLY,1389
1888,6,MONTHLY,1389
6902,60,MONTHLY,1390
3877,59,MONTHLY,1390
2290,37,MONTHLY,1390
1330,68,MONTHLY,1390
9037,1,MONTHLY,1390
272,11,MONTHLY,1391
366,1,MONTHLY,1391
1226,1,MONTHLY,1391
2759,46,MONTHLY,1391
1176,19,MONTHLY,1392
1785,52,MONTHLY,1393
5912,45,MONTHLY,1393
199,70,MONTHLY,1394
778,68,MONTHLY,1394
3811,1,MONTHLY,1394
1855,34,MONTHLY,1395
224,15,MONTHLY,1395
281,1,MONTHLY,1395
9201,69,MONTHLY,1396
888,54,MONTHLY,1396
4715,8,MONTHLY,1396
3956,6,MONTHLY,1396
4375,39,MONTHLY,1396
2418,64,MONTHLY,1397
806,13,MONTHLY,1397
65,36,MONTHLY,1397
2279,2,WEEKLY,1398
1478,5,MONTHLY,1398
3228,29,MONTHLY,1398
221,19,MONTHLY,1398
3022,64,MONTHLY,1398
122,31,MONTHLY,1398
6265,5,MONTHLY,1400
1683,77,MONTHLY,1400
6440,1,MONTHLY,1400
926,36,MONTHLY,1400
2685,67,MONTHLY,1400
3557,72,MONTHLY,1401
1663,55,MONTHLY,1401
255,68,MONTHLY,1402
2193,44,MONTHLY,1402
9455,73,MONTHLY,1402
2130,46,MONTHLY,1403
714,23,MONTHLY,1403
3615,46,MONTHLY,1404
1324,42,MONTHLY,1404
431,18,MONTHLY,1404
11328,54,MONTHLY,1404
3626,51,MONTHLY,1404
1899,26,MONTHLY,1404
91,17,MONTHLY,1405
4753,1,MONTHLY,1406
9528,19,MONTHLY,1406
9333,36,MONTHLY,1407
2107,70,MONTHLY,1408
3224,55,MONTHLY,1409
829,59,MONTHLY,1409
511,14,MONTHLY,1409
3560,57,MONTHLY,1409
1555,34,MONTHLY,1409
2160,72,MONTHLY,1409
4383,73,MONTHLY,1409
2517,55,TRANSACTION,1409
3819,69,MONTHLY,1410
6157,34,MONTHLY,1410
1326,52,MONTHLY,1410
4286,43,MONTHLY,1410
3498,31,MONTHLY,1411
2258,3,MONTHLY,1411
3177,74,MONTHLY,1411
1638,6,WEEKLY,1411
3589,5,MONTHLY,1412
2967,38,MONTHLY,1412
3437,1,MONTHLY,1412
4102,60,MONTHLY,1412
2032,36,MONTHLY,1413
570,3,MONTHLY,1413
993,6,MONTHLY,1413
3884,1,MONTHLY,1413
3765,32,MONTHLY,1413
2385,60,MONTHLY,1414
63,22,MONTHLY,1415
1991,1,MONTHLY,1415
3291,45,MONTHLY,1415
3376,58,MONTHLY,1416
1260,5,MONTHLY,1416
1021,42,MONTHLY,1416
48,21,MONTHLY,1416
4069,38,MONTHLY,1416
3564,14,MONTHLY,1416
1320,58,MONTHLY,1417
530,54,MONTHLY,1418
508,74,MONTHLY,1418
341,28,MONTHLY,1418
3256,40,MONTHLY,1418
4033,57,MONTHLY,1418
5878,76,MONTHLY,1418
77,63,MONTHLY,1418
1546,15,MONTHLY,1419
2826,35,MONTHLY,1419
797,57,MONTHLY,1419
513,58,MONTHLY,1420
1549,21,MONTHLY,1420
3093,16,MONTHLY,1420
10905,32,MONTHLY,1420
2234,3,MONTHLY,1420
2285,36,MONTHLY,1420
3809,1,MONTHLY,1420
3517,26,MONTHLY,1421
2264,41,MONTHLY,1421
8688,66,MONTHLY,1421
546,8,MONTHLY,1422
3862,1,MONTHLY,1422
2898,54,MONTHLY,1422
3282,1,MONTHLY,1423
330,42,MONTHLY,1423
1242,74,TRANSACTION,1423
1393,1,MONTHLY,1423
2303,41,MONTHLY,1423
3708,64,MONTHLY,1423
209,37,MONTHLY,1423
8094,67,MONTHLY,1423
2601,70,MONTHLY,1423
7,60,MONTHLY,1423
1347,8,MONTHLY,1423
8523,54,MONTHLY,1424
2398,70,MONTHLY,1424
1712,44,MONTHLY,1424
1943,9,MONTHLY,1425
2090,40,MONTHLY,1425
2636,18,MONTHLY,1425
14,47,MONTHLY,1426
549,5,MONTHLY,1426
143,21,MONTHLY,1426
79,3,MONTHLY,1428
3799,74,MONTHLY,1428
1460,54,MONTHLY,1428
7745,2,MONTHLY,1428
1435,1,MONTHLY,1430
3507,9,MONTHLY,1430
712,72,MONTHLY,1430
10280,69,MONTHLY,1430
1754,52,MONTHLY,1430
805,10,MONTHLY,1431
3377,74,MONTHLY,1431
1296,50,MONTHLY,1431
2916,6,MONTHLY,1432
3018,34,MONTHLY,1432
249,28,MONTHLY,1432
3602,18,MONTHLY,1432
3856,45,MONTHLY,1432
2544,38,MONTHLY,1433
599,54,MONTHLY,1433
2590,47,MONTHLY,1433
2589,10,MONTHLY,1433
2545,1,MONTHLY,1433
1735,42,MONTHLY,1433
3312,30,MONTHLY,1433
2060,13,MONTHLY,1434
2115,8,MONTHLY,1434
24,74,MONTHLY,1434
1083,45,MONTHLY,1435
2286,70,MONTHLY,1435
7176,1,MONTHLY,1436
8225,50,MONTHLY,1436
664,1,MONTHLY,1437
5133,68,WEEKLY,1437
880,26,MONTHLY,1437
1482,38,MONTHLY,1437
3290,19,MONTHLY,1438
2963,31,MONTHLY,1438
1361,46,MONTHLY,1438
3430,9,MONTHLY,1439
11096,28,MONTHLY,1439
3090,1,MONTHLY,1439
5817,77,TRANSACTION,1439
1587,1,MONTHLY,1440
905,35,MONTHLY,1440
980,1,MONTHLY,1440
1218,1,MONTHLY,1441
561,11,MONTHLY,1441
4631,77,TRANSACTION,1441
1055,29,MONTHLY,1441
9153,9,MONTHLY,1441
1368,22,MONTHLY,1441
3452,63,MONTHLY,1442
3450,1,MONTHLY,1442
1557,66,MONTHLY,1442
1316,42,MONTHLY,1442
3893,42,MONTHLY,1442
2873,70,MONTHLY,1442
3962,54,MONTHLY,1442
2376,71,MONTHLY,1443
2995,51,MONTHLY,1443
3984,51,MONTHLY,1443
659,63,MONTHLY,1443
3137,39,MONTHLY,1444
505,64,MONTHLY,1445
1817,10,MONTHLY,1445
3125,37,MONTHLY,1445
2734,53,MONTHLY,1445
2386,12,MONTHLY,1446
3411,19,MONTHLY,1446
4794,72,MONTHLY,1447
2827,70,MONTHLY,1447
3024,1,MONTHLY,1447
1618,6,MONTHLY,1447
6510,74,MONTHLY,1447
7465,1,WEEKLY,1448
1362,1,MONTHLY,1448
3182,6,MONTHLY,1449
765,12,MONTHLY,1449
3412,31,MONTHLY,1449
2610,54,MONTHLY,1449
4454,63,MONTHLY,1450
595,20,MONTHLY,1450
1391,15,MONTHLY,1450
3438,35,MONTHLY,1450
1553,59,MONTHLY,1450
10645,2,MONTHLY,1450
2531,51,MONTHLY,1450
1081,64,MONTHLY,1450
2441,47,MONTHLY,1451
193,69,MONTHLY,1451
3390,12,WEEKLY,1451
3393,4,MONTHLY,1451
440,29,MONTHLY,1451
2356,34,WEEKLY,1452
333,73,MONTHLY,1452
1884,54,MONTHLY,1453
434,1,MONTHLY,1453
2875,19,MONTHLY,1453
2532,38,MONTHLY,1453
3029,42,MONTHLY,1453
2699,73,MONTHLY,1454
935,23,MONTHLY,1454
2777,62,MONTHLY,1454
1659,46,MONTHLY,1454
252,19,MONTHLY,1455
7045,51,MONTHLY,1455
3941,7,MONTHLY,1455
2761,1,MONTHLY,1455
7966,54,MONTHLY,1456
2408,26,MONTHLY,1456
592,23,MONTHLY,1456
1195,42,MONTHLY,1456
2261,1,WEEKLY,1456
8341,64,MONTHLY,1456
6706,38,MONTHLY,1457
2507,62,MONTHLY,1457
3387,25,WEEKLY,1457
3991,1,MONTHLY,1457
1056,1,WEEKLY,1457
2852,70,MONTHLY,1458
3043,1,MONTHLY,1458
10404,1,MONTHLY,1459
528,17,MONTHLY,1459
9424,54,MONTHLY,1459
3190,1,MONTHLY,1459
1390,69,MONTHLY,1459
1988,72,MONTHLY,1459
2362,16,MONTHLY,1459
2064,54,MONTHLY,1459
2689,70,MONTHLY,1461
9730,54,MONTHLY,1461
1387,67,MONTHLY,1461
2637,70,MONTHLY,1461
1221,45,MONTHLY,1462
1860,70,MONTHLY,1462
3540,18,MONTHLY,1463
263,64,WEEKLY,1463
4660,63,MONTHLY,1463
294,7,MONTHLY,1465
4354,38,MONTHLY,1468
3639,4,MONTHLY,1468
1677,69,MONTHLY,1468
2653,66,MONTHLY,1468
3870,38,MONTHLY,1468
17,1,MONTHLY,1468
537,34,MONTHLY,1468
10493,12,MONTHLY,1469
2964,72,MONTHLY,1469
752,23,MONTHLY,1470
6064,49,MONTHLY,1471
2981,46,MONTHLY,1471
3527,44,MONTHLY,1471
3005,42,TRANSACTION,1471
11244,33,MONTHLY,1472
3470,8,MONTHLY,1472
3110,48,MONTHLY,1472
2300,36,MONTHLY,1473
10148,34,MONTHLY,1473
1707,75,MONTHLY,1473
512,68,MONTHLY,1474
9031,47,MONTHLY,1475
3375,9,MONTHLY,1475
2571,61,MONTHLY,1475
3304,36,MONTHLY,1476
3908,13,MONTHLY,1476
9549,4,MONTHLY,1477
4534,63,MONTHLY,1478
872,27,MONTHLY,1478
2854,1,MONTHLY,1478
2696,1,MONTHLY,1479
1214,39,MONTHLY,1479
1262,29,MONTHLY,1479
8320,51,MONTHLY,1479
3910,10,MONTHLY,1479
364,1,MONTHLY,1480
480,23,MONTHLY,1481
2535,61,MONTHLY,1481
9179,28,MONTHLY,1481
2299,1,MONTHLY,1481
6138,54,MONTHLY,1482
1840,21,MONTHLY,1482
3471,63,MONTHLY,1482
1651,34,MONTHLY,1483
320,47,MONTHLY,1483
3961,52,MONTHLY,1484
3379,63,MONTHLY,1484
4052,36,WEEKLY,1485
3964,25,MONTHLY,1485
3681,70,MONTHLY,1485
2229,1,MONTHLY,1487
8742,70,MONTHLY,1488
52,16,MONTHLY,1489
1853,7,MONTHLY,1489
3861,2,MONTHLY,1490
3067,46,MONTHLY,1490
3659,54,MONTHLY,1492
1356,39,MONTHLY,1492
1656,47,MONTHLY,1492
2103,48,MONTHLY,1492
1854,32,MONTHLY,1493
910,1,MONTHLY,1494
3794,20,MONTHLY,1494
3546,55,MONTHLY,1494
605,65,MONTHLY,1495
3990,77,MONTHLY,1495
2021,69,MONTHLY,1496
11231,1,MONTHLY,1496
4266,54,MONTHLY,1496
2455,30,MONTHLY,1497
3633,18,MONTHLY,1497
4026,58,MONTHLY,1497
3620,14,MONTHLY,1497
4550,56,MONTHLY,1497
1616,22,MONTHLY,1498
1498,62,WEEKLY,1498
598,1,MONTHLY,1499
2262,13,MONTHLY,1499
2126,1,MONTHLY,1500
1418,35,MONTHLY,1500
2537,27,MONTHLY,1500
159,70,MONTHLY,1502
11141,1,WEEKLY,1502
2477,11,MONTHLY,1502
1182,8,MONTHLY,1502
130,54,MONTHLY,1503
828,1,MONTHLY,1503
2042,31,MONTHLY,1503
4358,5,MONTHLY,1503
3565,30,MONTHLY,1503
796,1,MONTHLY,1504
2381,1,MONTHLY,1504
1430,26,MONTHLY,1504
2085,25,MONTHLY,1504
3059,1,MONTHLY,1506
3959,1,WEEKLY,1506
1068,52,MONTHLY,1506
10915,25,WEEKLY,1506
729,14,MONTHLY,1506
1141,28,MONTHLY,1507
1264,1,MONTHLY,1507
351,50,MONTHLY,1508
424,12,MONTHLY,1508
1037,1,MONTHLY,1509
2656,1,MONTHLY,1509
5445,72,MONTHLY,1510
3188,24,MONTHLY,1511
3236,52,MONTHLY,1511
2766,31,MONTHLY,1511
1447,65,MONTHLY,1511
3331,16,MONTHLY,1511
4268,77,MONTHLY,1511
1524,6,MONTHLY,1511
4746,54,MONTHLY,1512
3337,58,TRANSACTION,1513
323,52,MONTHLY,1514
2016,1,MONTHLY,1514
226,70,MONTHLY,1514
5180,54,MONTHLY,1515
1619,38,MONTHLY,1515
2661,1,MONTHLY,1516
1818,54,MONTHLY,1516
2937,1,MONTHLY,1516
2194,54,MONTHLY,1516
1336,5,MONTHLY,1517
2325,55,MONTHLY,1517
292,49,MONTHLY,1517
2797,74,MONTHLY,1517
1736,74,MONTHLY,1517
2405,64,MONTHLY,1518
2415,16,MONTHLY,1518
3851,1,MONTHLY,1518
2782,1,MONTHLY,1518
195,70,MONTHLY,1518
2380,46,MONTHLY,1518
1928,70,MONTHLY,1521
3242,28,MONTHLY,1521
3541,70,MONTHLY,1521
3652,36,MONTHLY,1521
2024,20,MONTHLY,1521
919,62,MONTHLY,1522
1096,34,MONTHLY,1522
1215,65,MONTHLY,1523
6306,64,MONTHLY,1523
2089,29,WEEKLY,1524
850,25,MONTHLY,1526
1668,62,MONTHLY,1526
2224,46,TRANSACTION,1527
3574,72,MONTHLY,1527
6061,1,MONTHLY,1527
2270,14,MONTHLY,1527
214,22,MONTHLY,1528
3031,51,MONTHLY,1529
1746,1,MONTHLY,1530
64,64,MONTHLY,1530
3842,1,MONTHLY,1531
3971,75,MONTHLY,1532
405,55,MONTHLY,1532
600,46,MONTHLY,1532
1740,57,MONTHLY,1532
2672,59,MONTHLY,1533
114,60,MONTHLY,1533
2760,10,MONTHLY,1533
2597,31,MONTHLY,1535
2908,61,MONTHLY,1535
191,41,MONTHLY,1536
2354,7,MONTHLY,1536
3782,9,WEEKLY,1536
3328,1,MONTHLY,1536
3083,66,MONTHLY,1537
1199,50,MONTHLY,1537
10652,1,MONTHLY,1537
2690,66,MONTHLY,1538
2495,70,MONTHLY,1538
8505,70,MONTHLY,1539
304,4,MONTHLY,1539
8926,1,MONTHLY,1540
578,28,WEEKLY,1540
1363,11,MONTHLY,1542
1165,44,MONTHLY,1542
85,68,MONTHLY,1542
749,38,MONTHLY,1542
8026,36,MONTHLY,1542
3332,17,MONTHLY,1544
3739,1,MONTHLY,1544
1907,1,MONTHLY,1544
1976,26,MONTHLY,1544
3658,24,MONTHLY,1544
3581,66,MONTHLY,1545
1466,69,WEEKLY,1545
3176,26,MONTHLY,1545
1459,12,MONTHLY,1545
1321,60,MONTHLY,1546
2966,33,MONTHLY,1546
157,11,MONTHLY,1547
2158,38,MONTHLY,1548
2843,30,MONTHLY,1548
3266,14,MONTHLY,1548
2048,76,MONTHLY,1549
442,54,MONTHLY,1549
3885,51,MONTHLY,1551
1863,62,MONTHLY,1551
9167,56,MONTHLY,1552
2874,32,MONTHLY,1552
3695,30,MONTHLY,1552
10068,1,MONTHLY,1552
2725,52,MONTHLY,1552
2899,40,MONTHLY,1553
144,10,WEEKLY,1553
1933,35,MONTHLY,1554
1034,73,MONTHLY,1554
49,1,MONTHLY,1556
1594,15,MONTHLY,1556
1138,41,MONTHLY,1557
3544,33,MONTHLY,1557
1636,53,MONTHLY,1558
10812,16,MONTHLY,1558
2165,51,MONTHLY,1558
3460,16,MONTHLY,1558
4208,1,MONTHLY,1558
2954,1,MONTHLY,1558
843,6,MONTHLY,1559
2901,1,MONTHLY,1559
1734,37,MONTHLY,1560
2466,39,MONTHLY,1561
476,69,MONTHLY,1561
1407,19,TRANSACTION,1561
1598,15,MONTHLY,1562
2166,71,MONTHLY,1562
1259,72,MONTHLY,1562
927,69,MONTHLY,1562
2575,72,MONTHLY,1563
4467,17,WEEKLY,1563
1253,5,MONTHLY,1563
1281,8,MONTHLY,1564
1915,2,MONTHLY,1564
3716,1,MONTHLY,1564
1560,62,MONTHLY,1564
4725,73,MONTHLY,1564
1665,73,MONTHLY,1565
12,21,MONTHLY,1565
3398,43,MONTHLY,1565
4475,72,MONTHLY,1566
2586,57,MONTHLY,1566
189,76,MONTHLY,1566
3077,64,MONTHLY,1566
3634,21,MONTHLY,1566
3897,13,MONTHLY,1566
2055,37,MONTHLY,1567
3012,49,MONTHLY,1568
1035,73,MONTHLY,1568
1687,23,MONTHLY,1568
407,72,WEEKLY,1568
2744,70,WEEKLY,1569
3194,11,MONTHLY,1569
109,53,MONTHLY,1570
1198,70,MONTHLY,1570
3830,56,MONTHLY,1570
3692,70,MONTHLY,1571
3217,75,TRANSACTION,1573
453,75,MONTHLY,1574
2539,24,MONTHLY,1574
794,63,MONTHLY,1574
636,75,MONTHLY,1574
309,14,MONTHLY,1575
873,73,MONTHLY,1576
589,1,MONTHLY,1576
9484,5,MONTHLY,1576
3052,44,MONTHLY,1576
10134,22,MONTHLY,1576
3846,61,MONTHLY,1577
912,65,MONTHLY,1577
2080,74,MONTHLY,1577
2857,19,MONTHLY,1578
647,1,MONTHLY,1578
2952,65,MONTHLY,1578
240,72,MONTHLY,1578
1693,1,TRANSACTION,1579
2612,1,MONTHLY,1579
3104,1,MONTHLY,1579
1488,25,MONTHLY,1579
2451,54,MONTHLY,1579
10257,27,MONTHLY,1581
1024,19,MONTHLY,1582
2173,64,MONTHLY,1582
98,55,MONTHLY,1582
3119,33,MONTHLY,1582
1230,1,MONTHLY,1583
2594,19,TRANSACTION,1583
3773,10,MONTHLY,1584
3635,10,MONTHLY,1584
293,1,MONTHLY,1584
1178,41,MONTHLY,1584
3988,23,MONTHLY,1584
2816,74,MONTHLY,1584
722,38,TRANSACTION,1584
2184,6,MONTHLY,1587
10022,1,MONTHLY,1587
1385,53,MONTHLY,1588
3506,70,MONTHLY,1588
316,62,MONTHLY,1588
3711,3,MONTHLY,1588
1982,6,MONTHLY,1588
2071,35,MONTHLY,1588
2800,41,MONTHLY,1588
997,54,MONTHLY,1588
367,23,MONTHLY,1589
2141,21,MONTHLY,1589
2127,1,MONTHLY,1589
3214,67,MONTHLY,1590
250,56,MONTHLY,1590
3742,59,MONTHLY,1591
3577,74,MONTHLY,1591
2448,23,MONTHLY,1591
1130,1,MONTHLY,1591
2118,42,MONTHLY,1591
2005,16,MONTHLY,1591
475,3,MONTHLY,1591
6922,3,WEEKLY,1592
3122,74,MONTHLY,1592
282,69,MONTHLY,1592
3140,3,MONTHLY,1593
3790,1,WEEKLY,1593
5164,5,MONTHLY,1593
8149,64,TRANSACTION,1594
2900,20,MONTHLY,1594
383,38,MONTHLY,1595
1953,9,WEEKLY,1595
3344,70,MONTHLY,1595
139,38,WEEKLY,1595
1808,28,MONTHLY,1596
3299,11,WEEKLY,1596
1697,63,MONTHLY,1597
2392,1,MONTHLY,1598
8713,53,MONTHLY,1598
3403,63,MONTHLY,1600
1424,32,MONTHLY,1600
2366,68,MONTHLY,1600
2668,21,MONTHLY,1600
2698,49,MONTHLY,1601
3872,25,MONTHLY,1601
10343,8,MONTHLY,1602
2743,51,MONTHLY,1602
834,3,MONTHLY,1603
1956,63,MONTHLY,1603
4729,66,MONTHLY,1603
760,1,MONTHLY,1604
2324,1,MONTHLY,1604
7559,56,MONTHLY,1604
9208,29,MONTHLY,1604
3163,41,MONTHLY,1604
3732,21,MONTHLY,1605
1710,74,MONTHLY,1605
868,1,MONTHLY,1606
534,1,MONTHLY,1606
3662,4,MONTHLY,1606
11053,46,MONTHLY,1607
3172,77,MONTHLY,1607
3905,54,TRANSACTION,1608
464,43,MONTHLY,1608
1574,75,MONTHLY,1608
2891,42,MONTHLY,1608
2860,54,WEEKLY,1610
10679,1,MONTHLY,1610
5,15,MONTHLY,1610
4130,70,MONTHLY,1612
4527,9,MONTHLY,1612
3951,22,MONTHLY,1613
3700,1,MONTHLY,1614
2564,36,MONTHLY,1614
3202,8,MONTHLY,1615
879,9,MONTHLY,1615
2404,8,MONTHLY,1616
1537,54,MONTHLY,1617
3768,52,MONTHLY,1617
5944,27,MONTHLY,1617
9673,76,MONTHLY,1618
229,1,MONTHLY,1618
614,25,MONTHLY,1618
1724,48,MONTHLY,1618
1185,12,MONTHLY,1618
349,72,MONTHLY,1619
682,54,MONTHLY,1619
291,7,MONTHLY,1619
3211,72,MONTHLY,1620
3060,73,MONTHLY,1620
4471,4,WEEKLY,1620
2956,15,MONTHLY,1621
2019,64,MONTHLY,1622
1491,47,MONTHLY,1622
3496,42,MONTHLY,1622
1841,36,MONTHLY,1623
7180,7,WEEKLY,1623
5648,59,MONTHLY,1624
2509,43,MONTHLY,1624
2878,1,MONTHLY,1625
1015,1,MONTHLY,1625
1753,71,MONTHLY,1625
2372,1,MONTHLY,1626
6097,29,MONTHLY,1626
2720,2,WEEKLY,1627
2006,25,MONTHLY,1627
3953,1,MONTHLY,1627
2135,51,MONTHLY,1628
1551,72,MONTHLY,1629
1095,54,MONTHLY,1629
3703,74,MONTHLY,1629
3719,37,MONTHLY,1630
2057,1,MONTHLY,1631
2560,15,MONTHLY,1631
3986,19,MONTHLY,1631
4858,67,MONTHLY,1632
1354,31,MONTHLY,1632
3262,23,MONTHLY,1633
3100,65,MONTHLY,1633
1839,5,MONTHLY,1633
3996,1,MONTHLY,1633
622,24,MONTHLY,1633
2340,14,MONTHLY,1633
641,40,MONTHLY,1633
3461,8,MONTHLY,1634
672,53,MONTHLY,1634
8645,60,MONTHLY,1634
438,37,MONTHLY,1634
2443,46,MONTHLY,1636
4309,74,WEEKLY,1636
3075,71,MONTHLY,1636
2200,1,MONTHLY,1637
3245,45,MONTHLY,1637
2806,53,MONTHLY,1637
556,12,MONTHLY,1637
4301,1,MONTHLY,1637
4156,42,MONTHLY,1638
1921,42,MONTHLY,1638
2939,5,MONTHLY,1639
3665,28,MONTHLY,1639
3524,66,MONTHLY,1639
5196,13,WEEKLY,1640
2883,77,MONTHLY,1640
1346,74,MONTHLY,1642
1514,7,MONTHLY,1642
3154,1,MONTHLY,1643
2081,36,MONTHLY,1643
1255,68,MONTHLY,1643
2208,7,MONTHLY,1643
1284,55,MONTHLY,1643
8153,9,MONTHLY,1643
7721,13,MONTHLY,1644
3889,16,MONTHLY,1644
3085,66,MONTHLY,1644
768,26,MONTHLY,1644
8919,62,MONTHLY,1644
185,32,MONTHLY,1645
4150,65,MONTHLY,1646
10774,46,MONTHLY,1646
2728,52,WEEKLY,1647
1339,76,MONTHLY,1647
1929,1,MONTHLY,1647
3433,73,MONTHLY,1648
2337,65,MONTHLY,1648
3,5,MONTHLY,1648
2093,64,MONTHLY,1648
3906,52,MONTHLY,1649
3529,12,MONTHLY,1649
864,72,MONTHLY,1649
4336,2,MONTHLY,1649
1647,1,MONTHLY,1650
2169,57,MONTHLY,1650
258,64,MONTHLY,1650
1110,54,MONTHLY,1651
105,21,MONTHLY,1651
2992,43,MONTHLY,1652
11317,50,MONTHLY,1652
1681,68,MONTHLY,1652
3428,27,MONTHLY,1653
679,22,MONTHLY,1653
10644,16,MONTHLY,1653
2182,22,MONTHLY,1653
9560,1,MONTHLY,1654
3985,1,MONTHLY,1654
3833,77,MONTHLY,1654
705,35,MONTHLY,1655
2447,38,MONTHLY,1655
2452,1,MONTHLY,1655
469,72,MONTHLY,1655
483,70,MONTHLY,1656
2678,1,MONTHLY,1656
2183,54,MONTHLY,1658
7052,55,TRANSACTION,1658
680,17,MONTHLY,1659
284,54,MONTHLY,1659
1027,68,MONTHLY,1659
1995,54,MONTHLY,1659
211,28,MONTHLY,1660
1432,27,MONTHLY,1660
2369,49,MONTHLY,1660
3867,1,MONTHLY,1660
1890,1,WEEKLY,1661
2204,9,MONTHLY,1661
970,18,MONTHLY,1661
5290,34,MONTHLY,1662
2316,1,MONTHLY,1662
611,46,MONTHLY,1662
1794,74,MONTHLY,1664
801,16,MONTHLY,1664
3057,9,MONTHLY,1664
2196,11,MONTHLY,1665
2646,6,MONTHLY,1665
2722,69,MONTHLY,1665
2679,67,MONTHLY,1665
2587,1,MONTHLY,1666
3346,1,MONTHLY,1666
1454,46,MONTHLY,1666
2197,46,MONTHLY,1667
1776,36,MONTHLY,1668
547,24,MONTHLY,1668
5758,44,MONTHLY,1669
3185,45,MONTHLY,1670
1950,70,MONTHLY,1673
811,14,WEEKLY,1673
3381,68,MONTHLY,1674
1522,48,MONTHLY,1674
41,72,MONTHLY,1674
4533,68,MONTHLY,1675
3343,1,MONTHLY,1675
3686,77,MONTHLY,1675
2927,37,MONTHLY,1676
4091,9,MONTHLY,1676
6602,74,MONTHLY,1676
2558,46,MONTHLY,1676
3208,29,MONTHLY,1676
1389,34,MONTHLY,1677
1033,32,MONTHLY,1677
2449,23,MONTHLY,1677
2000,5,MONTHLY,1678
3724,16,MONTHLY,1678
3281,1,MONTHLY,1678
326,61,MONTHLY,1678
307,26,MONTHLY,1679
1951,23,MONTHLY,1679
4445,47,MONTHLY,1679
2338,59,MONTHLY,1680
1319,56,TRANSACTION,1680
311,50,MONTHLY,1680
3293,1,MONTHLY,1680
1648,40,MONTHLY,1680
38,19,WEEKLY,1680
1434,70,MONTHLY,1680
7437,19,WEEKLY,1680
4784,46,MONTHLY,1680
2644,1,MONTHLY,1680
785,21,WEEKLY,1681
2776,23,MONTHLY,1682
5572,15,MONTHLY,1683
3046,74,MONTHLY,1683
2138,75,MONTHLY,1683
1662,1,MONTHLY,1683
386,1,MONTHLY,1683
591,1,MONTHLY,1684
792,3,MONTHLY,1685
1043,1,MONTHLY,1685
9433,59,MONTHLY,1686
509,36,MONTHLY,1686
1747,30,MONTHLY,1686
2073,59,MONTHLY,1686
3097,66,MONTHLY,1686
3062,17,MONTHLY,1687
1355,1,MONTHLY,1688
1881,60,MONTHLY,1689
2595,1,MONTHLY,1689
13,76,MONTHLY,1689
996,47,MONTHLY,1690
37,20,MONTHLY,1690
2829,66,MONTHLY,1690
529,39,MONTHLY,1690
1857,37,MONTHLY,1690
9140,32,MONTHLY,1690
2485,41,MONTHLY,1690
2607,1,MONTHLY,1691
653,27,MONTHLY,1691
10799,76,MONTHLY,1691
1567,10,MONTHLY,1691
1845,47,MONTHLY,1692
1181,69,MONTHLY,1692
3070,56,MONTHLY,1693
645,70,MONTHLY,1693
1795,53,MONTHLY,1693
2442,14,MONTHLY,1693
2845,62,MONTHLY,1693
8639,46,MONTHLY,1694
4003,25,MONTHLY,1694
3537,45,MONTHLY,1694
2394,62,MONTHLY,1695
859,13,MONTHLY,1698
3798,15,MONTHLY,1699
2317,68,MONTHLY,1700
3828,44,MONTHLY,1700
2422,27,MONTHLY,1701
3556,58,MONTHLY,1701
1154,5,WEEKLY,1701
3901,12,MONTHLY,1702
3950,48,MONTHLY,1704
2142,42,MONTHLY,1704
2492,73,MONTHLY,1704
45,64,MONTHLY,1705
2172,1,MONTHLY,1705
909,30,MONTHLY,1705
10243,44,MONTHLY,1706
1026,20,MONTHLY,1706
3444,53,WEEKLY,1707
1764,68,MONTHLY,1707
4158,27,MONTHLY,1707
585,4,MONTHLY,1707
5698,1,MONTHLY,1707
178,59,MONTHLY,1709
2079,55,MONTHLY,1709
2480,35,MONTHLY,1710
2444,76,MONTHLY,1710
3516,36,WEEKLY,1710
1303,23,MONTHLY,1711
783,1,MONTHLY,1711
1729,53,MONTHLY,1711
1790,70,MONTHLY,1711
2351,74,MONTHLY,1711
2997,40,MONTHLY,1712
10650,76,MONTHLY,1712
2684,7,MONTHLY,1713
2459,55,MONTHLY,1713
1240,1,MONTHLY,1714
1783,70,MONTHLY,1714
7156,71,MONTHLY,1714
1085,42,MONTHLY,1714
677,70,MONTHLY,1716
6505,7,MONTHLY,1716
402,68,MONTHLY,1717
9156,18,MONTHLY,1717
3987,25,MONTHLY,1717
3852,20,MONTHLY,1717
384,24,WEEKLY,1717
1946,46,MONTHLY,1719
3603,3,MONTHLY,1720
1872,61,MONTHLY,1720
3671,21,MONTHLY,1720
735,70,MONTHLY,1720
3274,76,MONTHLY,1720
5870,75,MONTHLY,1720
5283,15,MONTHLY,1721
1438,23,WEEKLY,1721
328,1,MONTHLY,1721
118,68,MONTHLY,1721
387,72,MONTHLY,1722
3300,71,MONTHLY,1722
3657,62,MONTHLY,1722
823,71,MONTHLY,1722
1876,1,MONTHLY,1723
2765,69,MONTHLY,1723
3463,38,MONTHLY,1724
3103,1,TRANSACTION,1724
1101,4,MONTHLY,1725
179,1,WEEKLY,1725
3610,1,MONTHLY,1725
1814,17,MONTHLY,1726
1718,71,MONTHLY,1726
16,12,MONTHLY,1726
4616,1,MONTHLY,1727
3757,64,MONTHLY,1727
2942,44,MONTHLY,1727
89,68,MONTHLY,1728
3106,12,WEEKLY,1729
2312,65,MONTHLY,1729
177,1,MONTHLY,1729
4128,64,MONTHLY,1729
2846,1,MONTHLY,1730
1443,54,MONTHLY,1730
1992,48,MONTHLY,1730
755,38,MONTHLY,1730
7274,11,MONTHLY,1731
3383,29,MONTHLY,1731
2461,1,MONTHLY,1731
3916,8,MONTHLY,1731
2745,60,MONTHLY,1731
10152,34,MONTHLY,1731
2007,45,MONTHLY,1732
1064,70,MONTHLY,1732
2370,51,MONTHLY,1734
1379,47,MONTHLY,1734
1313,45,MONTHLY,1734
129,74,MONTHLY,1734
6866,14,MONTHLY,1735
4132,36,MONTHLY,1735
2136,75,MONTHLY,1735
2036,70,MONTHLY,1736
3401,38,WEEKLY,1737
1596,70,MONTHLY,1738
4116,6,MONTHLY,1738
3342,59,MONTHLY,1739
2715,42,MONTHLY,1739
4143,55,MONTHLY,1740
2133,11,MONTHLY,1740
2069,72,MONTHLY,1741
205,1,MONTHLY,1741
1150,29,MONTHLY,1741
1608,26,MONTHLY,1741
1494,1,MONTHLY,1741
2272,48,MONTHLY,1741
2634,45,MONTHLY,1741
745,43,MONTHLY,1742
3813,1,MONTHLY,1742
1342,9,MONTHLY,1742
121,55,MONTHLY,1744
1727,9,MONTHLY,1744
2097,46,MONTHLY,1744
133,64,WEEKLY,1744
2897,51,MONTHLY,1744
5708,64,WEEKLY,1745
7049,69,MONTHLY,1745
1279,28,MONTHLY,1746
502,1,MONTHLY,1746
1506,51,MONTHLY,1746
2231,2,MONTHLY,1747
966,15,MONTHLY,1747
1968,16,WEEKLY,1747
2879,15,MONTHLY,1747
3023,35,MONTHLY,1747
3561,33,MONTHLY,1748
1807,21,MONTHLY,1748
11327,7,MONTHLY,1748
2053,5,MONTHLY,1749
550,24,MONTHLY,1750
3324,3,MONTHLY,1750
1061,44,MONTHLY,1750
2215,48,MONTHLY,1750
961,1,MONTHLY,1751
2579,24,MONTHLY,1751
3919,34,MONTHLY,1751
3875,44,MONTHLY,1751
2311,28,MONTHLY,1752
2556,46,MONTHLY,1752
1615,1,MONTHLY,1753
2910,68,MONTHLY,1754
2756,24,MONTHLY,1754
1572,72,MONTHLY,1754
3857,54,MONTHLY,1755
156,64,MONTHLY,1755
3922,68,MONTHLY,1755
1209,23,MONTHLY,1756
2371,15,WEEKLY,1756
852,57,MONTHLY,1756
2152,22,MONTHLY,1756
398,69,MONTHLY,1757
2174,18,MONTHLY,1757
3705,20,MONTHLY,1757
1172,6,MONTHLY,1758
876,4,MONTHLY,1759
2413,33,MONTHLY,1760
3963,9,MONTHLY,1760
643,64,MONTHLY,1761
1340,52,MONTHLY,1761
2703,61,MONTHLY,1761
671,60,MONTHLY,1762
782,42,MONTHLY,1763
2784,40,MONTHLY,1763
1703,72,MONTHLY,1766
3598,76,MONTHLY,1766
639,1,MONTHLY,1767
3325,11,MONTHLY,1767
10613,55,MONTHLY,1768
606,75,MONTHLY,1768
9227,51,MONTHLY,1768
1723,70,MONTHLY,1768
3404,33,MONTHLY,1768
1657,12,MONTHLY,1768
3395,16,MONTHLY,1769
2296,29,MONTHLY,1769
644,4,MONTHLY,1770
2402,18,MONTHLY,1770
2391,2,MONTHLY,1771
1140,49,MONTHLY,1771
952,41,MONTHLY,1773
696,54,MONTHLY,1773
2998,21,MONTHLY,1773
867,60,MONTHLY,1773
1208,4,MONTHLY,1773
3423,11,MONTHLY,1774
2831,1,MONTHLY,1774
2211,61,TRANSACTION,1774
3360,71,MONTHLY,1774
1245,68,MONTHLY,1776
1348,55,MONTHLY,1776
2920,73,MONTHLY,1777
566,8,MONTHLY,1777
2658,27,MONTHLY,1778
2721,74,MONTHLY,1778
1833,54,MONTHLY,1779
2221,58,MONTHLY,1779
149,43,MONTHLY,1780
3082,33,MONTHLY,1780
3156,1,TRANSACTION,1780
2438,71,MONTHLY,1780
2693,17,MONTHLY,1781
1866,4,MONTHLY,1781
3365,11,MONTHLY,1782
3382,23,WEEKLY,1784
2125,43,WEEKLY,1784
3396,1,MONTHLY,1784
3105,37,MONTHLY,1785
2162,50,MONTHLY,1785
1125,1,WEEKLY,1785
2979,10,MONTHLY,1786
2850,57,MONTHLY,1786
2832,12,MONTHLY,1786
3102,33,MONTHLY,1787
295,66,MONTHLY,1787
1523,52,TRANSACTION,1788
215,31,MONTHLY,1789
421,75,MONTHLY,1791
3715,74,MONTHLY,1791
934,9,MONTHLY,1791
3333,44,MONTHLY,1791
1798,46,MONTHLY,1792
10005,64,MONTHLY,1793
4386,51,WEEKLY,1793
1868,16,WEEKLY,1793
232,45,MONTHLY,1793
298,35,MONTHLY,1796
1717,67,MONTHLY,1796
1960,31,MONTHLY,1798
1049,18,MONTHLY,1798
2918,15,TRANSACTION,1799
4140,28,MONTHLY,1799
21,54,MONTHLY,1800
1650,39,MONTHLY,1800
800,11,MONTHLY,1800
3415,75,MONTHLY,1800
3722,76,MONTHLY,1801
736,75,MONTHLY,1801
2787,1,MONTHLY,1801
673,31,MONTHLY,1802
3406,53,MONTHLY,1802
2796,5,WEEKLY,1802
2775,30,MONTHLY,1802
276,38,MONTHLY,1802
315,45,MONTHLY,1802
1072,65,MONTHLY,1803
1156,59,MONTHLY,1803
3836,68,MONTHLY,1803
3013,73,MONTHLY,1803
3033,69,MONTHLY,1804
3174,65,MONTHLY,1804
134,34,MONTHLY,1804
1229,46,MONTHLY,1804
3209,45,MONTHLY,1804
2820,36,MONTHLY,1805
938,70,MONTHLY,1807
3501,36,MONTHLY,1807
3616,50,MONTHLY,1809
3911,32,MONTHLY,1810
3992,43,MONTHLY,1810
579,1,MONTHLY,1810
2892,64,MONTHLY,1810
1186,64,MONTHLY,1811
2440,19,MONTHLY,1812
2791,25,MONTHLY,1813
3169,19,MONTHLY,1813
2049,67,MONTHLY,1813
758,51,MONTHLY,1813
1177,27,MONTHLY,1814
246,65,MONTHLY,1814
1171,18,MONTHLY,1814
3187,59,MONTHLY,1814
3385,1,MONTHLY,1815
703,54,MONTHLY,1815
1318,56,MONTHLY,1816
889,43,MONTHLY,1816
4332,74,MONTHLY,1817
564,5,MONTHLY,1817
3934,6,MONTHLY,1817
1983,54,MONTHLY,1819
727,35,MONTHLY,1819
3048,74,WEEKLY,1820
3025,25,MONTHLY,1821
906,59,MONTHLY,1821
845,14,MONTHLY,1821
124,55,MONTHLY,1822
3958,59,MONTHLY,1822
777,30,MONTHLY,1822
1573,63,MONTHLY,1823
3276,1,MONTHLY,1823
